"Jan","Feb","Mar","Apr","May","Jun","Jul","Aug","Sep","Oct","Nov","Dec"
NA,NA,NA,NA,NA,0,0,0.001573564122738,0,NA,NA,NA
NA,NA,NA,NA,NA,0,0,0,0,NA,NA,NA
NA,NA,NA,NA,NA,0,0.000904431715405487,0,0,NA,NA,NA
NA,NA,NA,NA,NA,0,0,0.002360346184107,0,NA,NA,NA
NA,NA,NA,NA,NA,0,0,0,0,NA,NA,NA
NA,NA,NA,NA,NA,0,0,0,0,NA,NA,NA
NA,NA,NA,NA,NA,0,0.000602954476936991,0,0,NA,NA,NA
NA,NA,NA,NA,NA,0,0.000301477238468496,0,0,NA,NA,NA
NA,NA,NA,NA,NA,0,0,0,0,NA,NA,NA
NA,NA,NA,NA,NA,0,0,0,0,NA,NA,NA
NA,NA,NA,NA,NA,0,0.00241181790774797,0,0,NA,NA,NA
NA,NA,NA,NA,NA,0,0,0,0.0144927536231884,NA,NA,NA
NA,NA,NA,NA,NA,0,0,0,0.00966183574879227,NA,NA,NA
NA,NA,NA,NA,NA,0,0,0.003147128245476,0,NA,NA,NA
NA,NA,NA,NA,NA,0,0.000904431715405487,0,0,NA,NA,NA
NA,NA,NA,NA,NA,0,0,0.000786782061369001,0,NA,NA,NA
NA,NA,NA,NA,NA,0,0.000301477238468496,0,0,NA,NA,NA
NA,NA,NA,NA,NA,0,0.000301477238468496,0,0,NA,NA,NA
NA,NA,NA,NA,NA,0,0.000602954476936991,0,0,NA,NA,NA
NA,NA,NA,NA,NA,0,0.000602954476936991,0,0,NA,NA,NA
NA,NA,NA,NA,NA,0,0.000602954476936991,0,0,NA,NA,NA
NA,NA,NA,NA,NA,0,0.000301477238468496,0,0,NA,NA,NA
NA,NA,NA,NA,NA,0,0.000301477238468496,0,0,NA,NA,NA
NA,NA,NA,NA,NA,0,0,0,0,NA,NA,NA
NA,NA,NA,NA,NA,0,0.000301477238468496,0,0,NA,NA,NA
NA,NA,NA,NA,NA,0,0,0,0,NA,NA,NA
NA,NA,NA,NA,NA,0,0.000602954476936991,0,0,NA,NA,NA
NA,NA,NA,NA,NA,0,0,0.000786782061369001,0,NA,NA,NA
NA,NA,NA,NA,NA,0,0,0,0,NA,NA,NA
NA,NA,NA,NA,NA,0,0.000301477238468496,0.00550747442958301,0,NA,NA,NA
NA,NA,NA,NA,NA,0,0,0,0,NA,NA,NA
NA,NA,NA,NA,NA,0,0.000602954476936991,0,0,NA,NA,NA
NA,NA,NA,NA,NA,0,0,0,0,NA,NA,NA
NA,NA,NA,NA,NA,0,0,0.002360346184107,0.0144927536231884,NA,NA,NA
NA,NA,NA,NA,NA,0,0,0,0,NA,NA,NA
NA,NA,NA,NA,NA,0,0.000602954476936991,0.000786782061369001,0,NA,NA,NA
NA,NA,NA,NA,NA,0,0,0,0,NA,NA,NA
NA,NA,NA,NA,NA,0,0.000301477238468496,0.002360346184107,0,NA,NA,NA
NA,NA,NA,NA,NA,0,0,0,0,NA,NA,NA
NA,NA,NA,NA,NA,0,0,0,0,NA,NA,NA
NA,NA,NA,NA,NA,0,0.000301477238468496,0,0,NA,NA,NA
NA,NA,NA,NA,NA,0,0,0,0.00483091787439614,NA,NA,NA
NA,NA,NA,NA,NA,0,0,0,0,NA,NA,NA
NA,NA,NA,NA,NA,0,0,0,0,NA,NA,NA
NA,NA,NA,NA,NA,0,0.000602954476936991,0.003933910306845,0,NA,NA,NA
NA,NA,NA,NA,NA,0,0,0,0,NA,NA,NA
NA,NA,NA,NA,NA,0,0,0,0,NA,NA,NA
NA,NA,NA,NA,NA,0,0,0,0,NA,NA,NA
NA,NA,NA,NA,NA,0,0,0,0.0144927536231884,NA,NA,NA
NA,NA,NA,NA,NA,0,0,0,0,NA,NA,NA
NA,NA,NA,NA,NA,0,0,0,0,NA,NA,NA
NA,NA,NA,NA,NA,0,0,0.004720692368214,0,NA,NA,NA
NA,NA,NA,NA,NA,0,0,0,0,NA,NA,NA
NA,NA,NA,NA,NA,0,0,0,0,NA,NA,NA
NA,NA,NA,NA,NA,0,0,0.000786782061369001,0,NA,NA,NA
NA,NA,NA,NA,NA,0,0,0,0,NA,NA,NA
NA,NA,NA,NA,NA,0,0.000301477238468496,0,0,NA,NA,NA
NA,NA,NA,NA,NA,0,0,0.000786782061369001,0,NA,NA,NA
NA,NA,NA,NA,NA,0,0,0.001573564122738,0,NA,NA,NA
NA,NA,NA,NA,NA,0,0.000602954476936991,0,0,NA,NA,NA
NA,NA,NA,NA,NA,0,0,0.000786782061369001,0,NA,NA,NA
NA,NA,NA,NA,NA,0,0.000301477238468496,0.000786782061369001,0,NA,NA,NA
NA,NA,NA,NA,NA,0,0.000301477238468496,0,0,NA,NA,NA
NA,NA,NA,NA,NA,0,0.00180886343081097,0,0,NA,NA,NA
NA,NA,NA,NA,NA,0,0,0.001573564122738,0,NA,NA,NA
NA,NA,NA,NA,NA,0,0.000904431715405487,0,0,NA,NA,NA
NA,NA,NA,NA,NA,0,0,0,0,NA,NA,NA
NA,NA,NA,NA,NA,0,0.00211034066927947,0.00550747442958301,0,NA,NA,NA
NA,NA,NA,NA,NA,0,0.000602954476936991,0.003147128245476,0,NA,NA,NA
NA,NA,NA,NA,NA,0,0.00211034066927947,0.00550747442958301,0,NA,NA,NA
NA,NA,NA,NA,NA,0,0.00150738619234248,0,0,NA,NA,NA
NA,NA,NA,NA,NA,0,0,0,0,NA,NA,NA
NA,NA,NA,NA,NA,0,0.000602954476936991,0,0,NA,NA,NA
NA,NA,NA,NA,NA,0,0,0,0,NA,NA,NA
NA,NA,NA,NA,NA,0,0.000301477238468496,0.000786782061369001,0,NA,NA,NA
NA,NA,NA,NA,NA,0,0,0.003933910306845,0,NA,NA,NA
NA,NA,NA,NA,NA,0,0,0,0,NA,NA,NA
NA,NA,NA,NA,NA,0,0.00180886343081097,0.000786782061369001,0,NA,NA,NA
NA,NA,NA,NA,NA,0,0,0.00786782061369001,0,NA,NA,NA
NA,NA,NA,NA,NA,0,0.000904431715405487,0.002360346184107,0,NA,NA,NA
NA,NA,NA,NA,NA,0,0,0,0,NA,NA,NA
NA,NA,NA,NA,NA,0,0,0,0,NA,NA,NA
NA,NA,NA,NA,NA,0,0,0,0,NA,NA,NA
NA,NA,NA,NA,NA,0,0.000301477238468496,0,0,NA,NA,NA
NA,NA,NA,NA,NA,0,0.000301477238468496,0,0,NA,NA,NA
NA,NA,NA,NA,NA,0,0,0,0,NA,NA,NA
NA,NA,NA,NA,NA,0,0,0,0,NA,NA,NA
NA,NA,NA,NA,NA,0,0.00120590895387398,0,0,NA,NA,NA
NA,NA,NA,NA,NA,0,0,0,0,NA,NA,NA
NA,NA,NA,NA,NA,0,0,0,0,NA,NA,NA
NA,NA,NA,NA,NA,0,0,0,0,NA,NA,NA
NA,NA,NA,NA,NA,0,0,0,0,NA,NA,NA
NA,NA,NA,NA,NA,0,0,0,0,NA,NA,NA
NA,NA,NA,NA,NA,0,0,0,0,NA,NA,NA
NA,NA,NA,NA,NA,0,0.00120590895387398,0,0,NA,NA,NA
NA,NA,NA,NA,NA,0,0,0,0,NA,NA,NA
NA,NA,NA,NA,NA,0,0,0,0,NA,NA,NA
NA,NA,NA,NA,NA,0,0.000301477238468496,0.002360346184107,0,NA,NA,NA
NA,NA,NA,NA,NA,0.000334448160535117,0,0,0,NA,NA,NA
NA,NA,NA,NA,NA,0,0,0,0,NA,NA,NA
NA,NA,NA,NA,NA,0,0,0,0,NA,NA,NA
NA,NA,NA,NA,NA,0,0,0,0,NA,NA,NA
NA,NA,NA,NA,NA,0,0.00180886343081097,0.001573564122738,0,NA,NA,NA
NA,NA,NA,NA,NA,0,0,0,0,NA,NA,NA
NA,NA,NA,NA,NA,0,0,0,0,NA,NA,NA
NA,NA,NA,NA,NA,0,0,0,0,NA,NA,NA
NA,NA,NA,NA,NA,0,0.000301477238468496,0,0,NA,NA,NA
NA,NA,NA,NA,NA,0,0.000301477238468496,0.000786782061369001,0.00483091787439614,NA,NA,NA
NA,NA,NA,NA,NA,0,0.000301477238468496,0,0,NA,NA,NA
NA,NA,NA,NA,NA,0,0,0,0.00483091787439614,NA,NA,NA
NA,NA,NA,NA,NA,0,0.00150738619234248,0,0,NA,NA,NA
NA,NA,NA,NA,NA,0,0.000602954476936991,0.001573564122738,0,NA,NA,NA
NA,NA,NA,NA,NA,0,0.00150738619234248,0,0,NA,NA,NA
NA,NA,NA,NA,NA,0,0,0.000786782061369001,0,NA,NA,NA
NA,NA,NA,NA,NA,0,0,0.000786782061369001,0,NA,NA,NA
NA,NA,NA,NA,NA,0,0.000602954476936991,0,0,NA,NA,NA
NA,NA,NA,NA,NA,0,0.00150738619234248,0,0,NA,NA,NA
NA,NA,NA,NA,NA,0,0.000301477238468496,0,0,NA,NA,NA
NA,NA,NA,NA,NA,0,0.00211034066927947,0.003147128245476,0,NA,NA,NA
NA,NA,NA,NA,NA,0,0,0,0,NA,NA,NA
NA,NA,NA,NA,NA,0,0,0.000786782061369001,0,NA,NA,NA
NA,NA,NA,NA,NA,0,0,0,0,NA,NA,NA
NA,NA,NA,NA,NA,0,0,0,0,NA,NA,NA
NA,NA,NA,NA,NA,0,0.00120590895387398,0.002360346184107,0,NA,NA,NA
NA,NA,NA,NA,NA,0,0,0,0,NA,NA,NA
NA,NA,NA,NA,NA,0,0,0.000786782061369001,0.00483091787439614,NA,NA,NA
NA,NA,NA,NA,NA,0,0,0.000786782061369001,0,NA,NA,NA
NA,NA,NA,NA,NA,0,0,0.001573564122738,0.00483091787439614,NA,NA,NA
NA,NA,NA,NA,NA,0,0,0,0,NA,NA,NA
NA,NA,NA,NA,NA,0,0.000301477238468496,0,0,NA,NA,NA
NA,NA,NA,NA,NA,0,0.000904431715405487,0,0,NA,NA,NA
NA,NA,NA,NA,NA,0,0,0,0,NA,NA,NA
NA,NA,NA,NA,NA,0,0,0.002360346184107,0,NA,NA,NA
NA,NA,NA,NA,NA,0,0,0,0,NA,NA,NA
NA,NA,NA,NA,NA,0,0.000301477238468496,0,0,NA,NA,NA
NA,NA,NA,NA,NA,0,0,0.000786782061369001,0,NA,NA,NA
NA,NA,NA,NA,NA,0,0,0,0,NA,NA,NA
NA,NA,NA,NA,NA,0,0,0,0,NA,NA,NA
NA,NA,NA,NA,NA,0,0.000301477238468496,0,0,NA,NA,NA
NA,NA,NA,NA,NA,0,0.00120590895387398,0,0,NA,NA,NA
NA,NA,NA,NA,NA,0,0,0,0,NA,NA,NA
NA,NA,NA,NA,NA,0,0,0,0,NA,NA,NA
NA,NA,NA,NA,NA,0,0,0.004720692368214,0,NA,NA,NA
NA,NA,NA,NA,NA,0,0,0,0,NA,NA,NA
NA,NA,NA,NA,NA,0,0,0,0,NA,NA,NA
NA,NA,NA,NA,NA,0,0.000904431715405487,0,0,NA,NA,NA
NA,NA,NA,NA,NA,0,0,0.000786782061369001,0.00483091787439614,NA,NA,NA
NA,NA,NA,NA,NA,0,0.000301477238468496,0,0,NA,NA,NA
NA,NA,NA,NA,NA,0,0.000301477238468496,0,0,NA,NA,NA
NA,NA,NA,NA,NA,0,0,0,0,NA,NA,NA
NA,NA,NA,NA,NA,0,0,0,0.00966183574879227,NA,NA,NA
NA,NA,NA,NA,NA,0,0,0,0,NA,NA,NA
NA,NA,NA,NA,NA,0,0.000301477238468496,0,0,NA,NA,NA
NA,NA,NA,NA,NA,0,0.000301477238468496,0,0.00483091787439614,NA,NA,NA
NA,NA,NA,NA,NA,0,0.000301477238468496,0,0,NA,NA,NA
NA,NA,NA,NA,NA,0,0,0,0,NA,NA,NA
NA,NA,NA,NA,NA,0,0.00120590895387398,0,0,NA,NA,NA
NA,NA,NA,NA,NA,0,0,0,0.0144927536231884,NA,NA,NA
NA,NA,NA,NA,NA,0,0.000904431715405487,0,0,NA,NA,NA
NA,NA,NA,NA,NA,0,0,0,0,NA,NA,NA
NA,NA,NA,NA,NA,0,0.000904431715405487,0.002360346184107,0,NA,NA,NA
NA,NA,NA,NA,NA,0,0,0,0,NA,NA,NA
NA,NA,NA,NA,NA,0,0,0,0,NA,NA,NA
NA,NA,NA,NA,NA,0,0,0,0,NA,NA,NA
NA,NA,NA,NA,NA,0,0.000904431715405487,0,0,NA,NA,NA
NA,NA,NA,NA,NA,0,0.00271329514621646,0,0,NA,NA,NA
NA,NA,NA,NA,NA,0,0.00241181790774797,0,0,NA,NA,NA
NA,NA,NA,NA,NA,0,0,0,0,NA,NA,NA
NA,NA,NA,NA,NA,0,0.000904431715405487,0,0,NA,NA,NA
NA,NA,NA,NA,NA,0,0,0,0,NA,NA,NA
NA,NA,NA,NA,NA,0,0,0,0,NA,NA,NA
NA,NA,NA,NA,NA,0,0,0,0,NA,NA,NA
NA,NA,NA,NA,NA,0,0,0,0,NA,NA,NA
NA,NA,NA,NA,NA,0,0.000301477238468496,0,0,NA,NA,NA
NA,NA,NA,NA,NA,0,0,0,0,NA,NA,NA
NA,NA,NA,NA,NA,0,0,0,0,NA,NA,NA
NA,NA,NA,NA,NA,0,0,0,0,NA,NA,NA
NA,NA,NA,NA,NA,0,0.000602954476936991,0.003147128245476,0,NA,NA,NA
NA,NA,NA,NA,NA,0,0,0,0,NA,NA,NA
NA,NA,NA,NA,NA,0,0.000301477238468496,0,0.00966183574879227,NA,NA,NA
NA,NA,NA,NA,NA,0,0,0,0,NA,NA,NA
NA,NA,NA,NA,NA,0,0,0,0,NA,NA,NA
NA,NA,NA,NA,NA,0,0,0,0,NA,NA,NA
NA,NA,NA,NA,NA,0,0,0,0,NA,NA,NA
NA,NA,NA,NA,NA,0,0,0.001573564122738,0,NA,NA,NA
NA,NA,NA,NA,NA,0,0,0,0,NA,NA,NA
NA,NA,NA,NA,NA,0,0.000301477238468496,0,0,NA,NA,NA
NA,NA,NA,NA,NA,0,0,0,0,NA,NA,NA
NA,NA,NA,NA,NA,0,0,0,0,NA,NA,NA
NA,NA,NA,NA,NA,0,0,0.000786782061369001,0,NA,NA,NA
NA,NA,NA,NA,NA,0,0.000602954476936991,0.003147128245476,0,NA,NA,NA
NA,NA,NA,NA,NA,0,0,0,0,NA,NA,NA
NA,NA,NA,NA,NA,0,0.000602954476936991,0.002360346184107,0,NA,NA,NA
NA,NA,NA,NA,NA,0,0,0,0,NA,NA,NA
NA,NA,NA,NA,NA,0,0.000301477238468496,0.002360346184107,0,NA,NA,NA
NA,NA,NA,NA,NA,0,0,0.002360346184107,0,NA,NA,NA
NA,NA,NA,NA,NA,0,0,0,0,NA,NA,NA
NA,NA,NA,NA,NA,0,0,0.003147128245476,0,NA,NA,NA
NA,NA,NA,NA,NA,0,0.000602954476936991,0.001573564122738,0,NA,NA,NA
NA,NA,NA,NA,NA,0,0.00180886343081097,0.001573564122738,0,NA,NA,NA
NA,NA,NA,NA,NA,0,0,0,0,NA,NA,NA
NA,NA,NA,NA,NA,0,0.000602954476936991,0,0,NA,NA,NA
NA,NA,NA,NA,NA,0,0,0,0,NA,NA,NA
NA,NA,NA,NA,NA,0,0.00211034066927947,0,0,NA,NA,NA
NA,NA,NA,NA,NA,0,0.000602954476936991,0,0,NA,NA,NA
NA,NA,NA,NA,NA,0,0,0.003147128245476,0,NA,NA,NA
NA,NA,NA,NA,NA,0,0.000602954476936991,0,0,NA,NA,NA
NA,NA,NA,NA,NA,0,0,0,0.00966183574879227,NA,NA,NA
NA,NA,NA,NA,NA,0,0.000602954476936991,0,0,NA,NA,NA
NA,NA,NA,NA,NA,0,0,0.001573564122738,0.0193236714975845,NA,NA,NA
NA,NA,NA,NA,NA,0,0,0.000786782061369001,0.00966183574879227,NA,NA,NA
NA,NA,NA,NA,NA,0,0.000602954476936991,0,0,NA,NA,NA
NA,NA,NA,NA,NA,0,0,0,0,NA,NA,NA
NA,NA,NA,NA,NA,0,0,0,0,NA,NA,NA
NA,NA,NA,NA,NA,0,0.000301477238468496,0.010228166797797,0,NA,NA,NA
NA,NA,NA,NA,NA,0,0,0.003147128245476,0,NA,NA,NA
NA,NA,NA,NA,NA,0,0,0,0,NA,NA,NA
NA,NA,NA,NA,NA,0,0.000301477238468496,0.001573564122738,0,NA,NA,NA
NA,NA,NA,NA,NA,0,0,0.002360346184107,0,NA,NA,NA
NA,NA,NA,NA,NA,0,0.00180886343081097,0.000786782061369001,0,NA,NA,NA
NA,NA,NA,NA,NA,0,0,0.00629425649095201,0,NA,NA,NA
NA,NA,NA,NA,NA,0,0,0,0,NA,NA,NA
NA,NA,NA,NA,NA,0,0,0.000786782061369001,0,NA,NA,NA
NA,NA,NA,NA,NA,0,0.000602954476936991,0,0.0144927536231884,NA,NA,NA
NA,NA,NA,NA,NA,0,0,0,0,NA,NA,NA
NA,NA,NA,NA,NA,0,0,0,0,NA,NA,NA
NA,NA,NA,NA,NA,0,0,0,0,NA,NA,NA
NA,NA,NA,NA,NA,0,0.000301477238468496,0.001573564122738,0,NA,NA,NA
NA,NA,NA,NA,NA,0,0,0.003933910306845,0,NA,NA,NA
NA,NA,NA,NA,NA,0,0,0,0,NA,NA,NA
NA,NA,NA,NA,NA,0,0,0,0,NA,NA,NA
NA,NA,NA,NA,NA,0,0,0,0,NA,NA,NA
NA,NA,NA,NA,NA,0,0,0,0,NA,NA,NA
NA,NA,NA,NA,NA,0,0,0,0,NA,NA,NA
NA,NA,NA,NA,NA,0,0,0,0,NA,NA,NA
NA,NA,NA,NA,NA,0,0,0,0,NA,NA,NA
NA,NA,NA,NA,NA,0,0,0.001573564122738,0,NA,NA,NA
NA,NA,NA,NA,NA,0,0.000301477238468496,0,0,NA,NA,NA
NA,NA,NA,NA,NA,0,0.00150738619234248,0,0,NA,NA,NA
NA,NA,NA,NA,NA,0,0,0,0,NA,NA,NA
NA,NA,NA,NA,NA,0,0.00211034066927947,0.000786782061369001,0,NA,NA,NA
NA,NA,NA,NA,NA,0,0.000301477238468496,0,0,NA,NA,NA
NA,NA,NA,NA,NA,0,0.00211034066927947,0.000786782061369001,0,NA,NA,NA
NA,NA,NA,NA,NA,0,0,0,0,NA,NA,NA
NA,NA,NA,NA,NA,0,0.00120590895387398,0,0,NA,NA,NA
NA,NA,NA,NA,NA,0,0.000301477238468496,0,0,NA,NA,NA
NA,NA,NA,NA,NA,0,0.00271329514621646,0,0,NA,NA,NA
NA,NA,NA,NA,NA,0,0,0,0.00483091787439614,NA,NA,NA
NA,NA,NA,NA,NA,0,0,0,0,NA,NA,NA
NA,NA,NA,NA,NA,0,0,0.001573564122738,0,NA,NA,NA
NA,NA,NA,NA,NA,0,0.000602954476936991,0,0,NA,NA,NA
NA,NA,NA,NA,NA,0,0,0,0,NA,NA,NA
NA,NA,NA,NA,NA,0,0.00211034066927947,0.000786782061369001,0,NA,NA,NA
NA,NA,NA,NA,NA,0,0,0.004720692368214,0,NA,NA,NA
NA,NA,NA,NA,NA,0,0.000301477238468496,0.000786782061369001,0,NA,NA,NA
NA,NA,NA,NA,NA,0,0,0,0,NA,NA,NA
NA,NA,NA,NA,NA,0,0.000904431715405487,0,0,NA,NA,NA
NA,NA,NA,NA,NA,0,0.000301477238468496,0,0,NA,NA,NA
NA,NA,NA,NA,NA,0,0.000602954476936991,0,0,NA,NA,NA
NA,NA,NA,NA,NA,0,0.000301477238468496,0,0,NA,NA,NA
NA,NA,NA,NA,NA,0,0,0.000786782061369001,0.00483091787439614,NA,NA,NA
NA,NA,NA,NA,NA,0,0,0,0,NA,NA,NA
NA,NA,NA,NA,NA,0,0,0,0,NA,NA,NA
NA,NA,NA,NA,NA,0,0.00120590895387398,0,0,NA,NA,NA
NA,NA,NA,NA,NA,0,0.000301477238468496,0.004720692368214,0,NA,NA,NA
NA,NA,NA,NA,NA,0,0,0,0,NA,NA,NA
NA,NA,NA,NA,NA,0,0,0.001573564122738,0,NA,NA,NA
NA,NA,NA,NA,NA,0,0.000602954476936991,0,0,NA,NA,NA
NA,NA,NA,NA,NA,0,0,0,0,NA,NA,NA
NA,NA,NA,NA,NA,0,0,0.000786782061369001,0,NA,NA,NA
NA,NA,NA,NA,NA,0,0,0,0,NA,NA,NA
NA,NA,NA,NA,NA,0,0.000602954476936991,0,0,NA,NA,NA
NA,NA,NA,NA,NA,0,0.000301477238468496,0.001573564122738,0,NA,NA,NA
NA,NA,NA,NA,NA,0,0,0,0,NA,NA,NA
NA,NA,NA,NA,NA,0,0.000301477238468496,0,0,NA,NA,NA
NA,NA,NA,NA,NA,0,0,0,0.00483091787439614,NA,NA,NA
NA,NA,NA,NA,NA,0,0,0.002360346184107,0,NA,NA,NA
NA,NA,NA,NA,NA,0,0,0,0,NA,NA,NA
NA,NA,NA,NA,NA,0,0,0,0,NA,NA,NA
NA,NA,NA,NA,NA,0,0,0,0.00483091787439614,NA,NA,NA
NA,NA,NA,NA,NA,0,0,0,0,NA,NA,NA
NA,NA,NA,NA,NA,0,0,0.000786782061369001,0,NA,NA,NA
NA,NA,NA,NA,NA,0,0,0,0,NA,NA,NA
NA,NA,NA,NA,NA,0,0,0.003933910306845,0,NA,NA,NA
NA,NA,NA,NA,NA,0,0,0,0,NA,NA,NA
NA,NA,NA,NA,NA,0,0.000301477238468496,0,0,NA,NA,NA
NA,NA,NA,NA,NA,0,0,0,0,NA,NA,NA
NA,NA,NA,NA,NA,0,0,0.002360346184107,0,NA,NA,NA
NA,NA,NA,NA,NA,0,0,0,0,NA,NA,NA
NA,NA,NA,NA,NA,0,0,0,0,NA,NA,NA
NA,NA,NA,NA,NA,0,0,0,0,NA,NA,NA
NA,NA,NA,NA,NA,0,0,0,0,NA,NA,NA
NA,NA,NA,NA,NA,0,0.000602954476936991,0,0,NA,NA,NA
NA,NA,NA,NA,NA,0,0,0,0,NA,NA,NA
NA,NA,NA,NA,NA,0,0,0,0,NA,NA,NA
NA,NA,NA,NA,NA,0,0,0,0,NA,NA,NA
NA,NA,NA,NA,NA,0,0,0,0,NA,NA,NA
NA,NA,NA,NA,NA,0,0,0,0,NA,NA,NA
NA,NA,NA,NA,NA,0,0,0,0,NA,NA,NA
NA,NA,NA,NA,NA,0,0,0.002360346184107,0,NA,NA,NA
NA,NA,NA,NA,NA,0,0,0,0,NA,NA,NA
NA,NA,NA,NA,NA,0,0,0,0,NA,NA,NA
NA,NA,NA,NA,NA,0,0.000602954476936991,0.001573564122738,0,NA,NA,NA
NA,NA,NA,NA,NA,0,0,0.001573564122738,0.0144927536231884,NA,NA,NA
NA,NA,NA,NA,NA,0,0,0.001573564122738,0,NA,NA,NA
NA,NA,NA,NA,NA,0,0,0,0,NA,NA,NA
NA,NA,NA,NA,NA,0,0.000301477238468496,0.000786782061369001,0,NA,NA,NA
NA,NA,NA,NA,NA,0,0.00180886343081097,0,0,NA,NA,NA
NA,NA,NA,NA,NA,0,0,0.002360346184107,0,NA,NA,NA
NA,NA,NA,NA,NA,0,0,0.00550747442958301,0,NA,NA,NA
NA,NA,NA,NA,NA,0,0,0.000786782061369001,0.00483091787439614,NA,NA,NA
NA,NA,NA,NA,NA,0,0.000301477238468496,0,0,NA,NA,NA
NA,NA,NA,NA,NA,0,0,0,0,NA,NA,NA
NA,NA,NA,NA,NA,0,0,0,0,NA,NA,NA
NA,NA,NA,NA,NA,0,0.00180886343081097,0.001573564122738,0,NA,NA,NA
NA,NA,NA,NA,NA,0,0,0.002360346184107,0,NA,NA,NA
NA,NA,NA,NA,NA,0,0,0.001573564122738,0,NA,NA,NA
NA,NA,NA,NA,NA,0,0.000301477238468496,0.00550747442958301,0,NA,NA,NA
NA,NA,NA,NA,NA,0,0,0,0.00483091787439614,NA,NA,NA
NA,NA,NA,NA,NA,0,0.000301477238468496,0,0,NA,NA,NA
NA,NA,NA,NA,NA,0,0.000602954476936991,0,0,NA,NA,NA
NA,NA,NA,NA,NA,0,0,0,0,NA,NA,NA
NA,NA,NA,NA,NA,0,0,0.001573564122738,0,NA,NA,NA
NA,NA,NA,NA,NA,0,0,0.003933910306845,0,NA,NA,NA
NA,NA,NA,NA,NA,0,0,0.002360346184107,0,NA,NA,NA
NA,NA,NA,NA,NA,0,0.000602954476936991,0,0,NA,NA,NA
NA,NA,NA,NA,NA,0,0,0,0,NA,NA,NA
NA,NA,NA,NA,NA,0,0,0,0,NA,NA,NA
NA,NA,NA,NA,NA,0,0,0,0,NA,NA,NA
NA,NA,NA,NA,NA,0,0,0,0,NA,NA,NA
NA,NA,NA,NA,NA,0,0,0.002360346184107,0,NA,NA,NA
NA,NA,NA,NA,NA,0,0,0,0,NA,NA,NA
NA,NA,NA,NA,NA,0,0.000602954476936991,0.001573564122738,0,NA,NA,NA
NA,NA,NA,NA,NA,0,0,0,0,NA,NA,NA
NA,NA,NA,NA,NA,0,0.000301477238468496,0.003147128245476,0,NA,NA,NA
NA,NA,NA,NA,NA,0,0.00180886343081097,0.003147128245476,0,NA,NA,NA
NA,NA,NA,NA,NA,0,0.000602954476936991,0,0,NA,NA,NA
NA,NA,NA,NA,NA,0,0,0,0,NA,NA,NA
NA,NA,NA,NA,NA,0,0,0.003147128245476,0,NA,NA,NA
NA,NA,NA,NA,NA,0,0,0,0,NA,NA,NA
NA,NA,NA,NA,NA,0,0,0,0,NA,NA,NA
NA,NA,NA,NA,NA,0,0.000301477238468496,0,0,NA,NA,NA
NA,NA,NA,NA,NA,0,0.00180886343081097,0,0,NA,NA,NA
NA,NA,NA,NA,NA,0,0.000602954476936991,0,0,NA,NA,NA
NA,NA,NA,NA,NA,0,0,0,0,NA,NA,NA
NA,NA,NA,NA,NA,0,0,0,0,NA,NA,NA
NA,NA,NA,NA,NA,0,0,0.001573564122738,0,NA,NA,NA
NA,NA,NA,NA,NA,0,0.000301477238468496,0.002360346184107,0,NA,NA,NA
NA,NA,NA,NA,NA,0,0.000602954476936991,0.002360346184107,0,NA,NA,NA
NA,NA,NA,NA,NA,0,0,0.000786782061369001,0,NA,NA,NA
NA,NA,NA,NA,NA,0,0.00180886343081097,0,0,NA,NA,NA
NA,NA,NA,NA,NA,0,0.000301477238468496,0,0,NA,NA,NA
NA,NA,NA,NA,NA,0,0,0,0,NA,NA,NA
NA,NA,NA,NA,NA,0,0.000301477238468496,0,0,NA,NA,NA
NA,NA,NA,NA,NA,0,0.000904431715405487,0.001573564122738,0,NA,NA,NA
NA,NA,NA,NA,NA,0,0.000602954476936991,0,0,NA,NA,NA
NA,NA,NA,NA,NA,0,0.00211034066927947,0,0.00483091787439614,NA,NA,NA
NA,NA,NA,NA,NA,0,0,0,0,NA,NA,NA
NA,NA,NA,NA,NA,0,0.00211034066927947,0.001573564122738,0,NA,NA,NA
NA,NA,NA,NA,NA,0,0.000301477238468496,0,0,NA,NA,NA
NA,NA,NA,NA,NA,0,0,0,0,NA,NA,NA
NA,NA,NA,NA,NA,0,0,0.000786782061369001,0,NA,NA,NA
NA,NA,NA,NA,NA,0,0,0,0,NA,NA,NA
NA,NA,NA,NA,NA,0,0,0,0,NA,NA,NA
NA,NA,NA,NA,NA,0,0.000301477238468496,0,0,NA,NA,NA
NA,NA,NA,NA,NA,0,0,0,0,NA,NA,NA
NA,NA,NA,NA,NA,0,0.000301477238468496,0,0,NA,NA,NA
NA,NA,NA,NA,NA,0,0,0,0,NA,NA,NA
NA,NA,NA,NA,NA,0,0,0,0,NA,NA,NA
NA,NA,NA,NA,NA,0,0,0,0,NA,NA,NA
NA,NA,NA,NA,NA,0,0,0,0.00483091787439614,NA,NA,NA
NA,NA,NA,NA,NA,0,0.000904431715405487,0,0,NA,NA,NA
NA,NA,NA,NA,NA,0,0.00150738619234248,0.001573564122738,0,NA,NA,NA
NA,NA,NA,NA,NA,0,0,0,0,NA,NA,NA
NA,NA,NA,NA,NA,0,0.000602954476936991,0,0,NA,NA,NA
NA,NA,NA,NA,NA,0,0,0,0,NA,NA,NA
NA,NA,NA,NA,NA,0,0.000301477238468496,0.002360346184107,0,NA,NA,NA
NA,NA,NA,NA,NA,0,0.000602954476936991,0,0,NA,NA,NA
NA,NA,NA,NA,NA,0,0.000904431715405487,0.001573564122738,0,NA,NA,NA
NA,NA,NA,NA,NA,0,0,0.001573564122738,0,NA,NA,NA
NA,NA,NA,NA,NA,0,0,0.000786782061369001,0,NA,NA,NA
NA,NA,NA,NA,NA,0,0,0,0,NA,NA,NA
NA,NA,NA,NA,NA,0,0,0,0,NA,NA,NA
NA,NA,NA,NA,NA,0,0.000602954476936991,0,0,NA,NA,NA
NA,NA,NA,NA,NA,0,0,0,0,NA,NA,NA
NA,NA,NA,NA,NA,0,0.000301477238468496,0,0,NA,NA,NA
NA,NA,NA,NA,NA,0,0.00150738619234248,0,0,NA,NA,NA
NA,NA,NA,NA,NA,0,0,0.001573564122738,0,NA,NA,NA
NA,NA,NA,NA,NA,0,0,0,0,NA,NA,NA
NA,NA,NA,NA,NA,0,0,0,0,NA,NA,NA
NA,NA,NA,NA,NA,0,0,0,0,NA,NA,NA
NA,NA,NA,NA,NA,0,0,0,0,NA,NA,NA
NA,NA,NA,NA,NA,0,0,0,0,NA,NA,NA
NA,NA,NA,NA,NA,0,0.000602954476936991,0.000786782061369001,0.00483091787439614,NA,NA,NA
NA,NA,NA,NA,NA,0,0,0,0,NA,NA,NA
NA,NA,NA,NA,NA,0,0,0.000786782061369001,0,NA,NA,NA
NA,NA,NA,NA,NA,0,0.00150738619234248,0,0,NA,NA,NA
NA,NA,NA,NA,NA,0,0,0,0,NA,NA,NA
NA,NA,NA,NA,NA,0,0.00120590895387398,0,0,NA,NA,NA
NA,NA,NA,NA,NA,0,0,0,0,NA,NA,NA
NA,NA,NA,NA,NA,0,0,0,0.00483091787439614,NA,NA,NA
NA,NA,NA,NA,NA,0,0.000301477238468496,0,0,NA,NA,NA
NA,NA,NA,NA,NA,0,0,0,0.00483091787439614,NA,NA,NA
NA,NA,NA,NA,NA,0,0.000301477238468496,0,0,NA,NA,NA
NA,NA,NA,NA,NA,0,0,0,0,NA,NA,NA
NA,NA,NA,NA,NA,0,0.000301477238468496,0,0,NA,NA,NA
NA,NA,NA,NA,NA,0,0,0,0,NA,NA,NA
NA,NA,NA,NA,NA,0,0.000602954476936991,0,0,NA,NA,NA
NA,NA,NA,NA,NA,0,0.000301477238468496,0.003933910306845,0,NA,NA,NA
NA,NA,NA,NA,NA,0,0,0,0,NA,NA,NA
NA,NA,NA,NA,NA,0,0.000301477238468496,0.003933910306845,0,NA,NA,NA
NA,NA,NA,NA,NA,0,0.000301477238468496,0,0,NA,NA,NA
NA,NA,NA,NA,NA,0,0.000904431715405487,0.003147128245476,0,NA,NA,NA
NA,NA,NA,NA,NA,0,0.000301477238468496,0,0,NA,NA,NA
NA,NA,NA,NA,NA,0,0,0,0,NA,NA,NA
NA,NA,NA,NA,NA,0,0.000301477238468496,0.003147128245476,0,NA,NA,NA
NA,NA,NA,NA,NA,0,0.00180886343081097,0,0,NA,NA,NA
NA,NA,NA,NA,NA,0,0,0,0,NA,NA,NA
NA,NA,NA,NA,NA,0,0,0,0,NA,NA,NA
NA,NA,NA,NA,NA,0,0.000602954476936991,0,0,NA,NA,NA
NA,NA,NA,NA,NA,0,0.000602954476936991,0,0.00483091787439614,NA,NA,NA
NA,NA,NA,NA,NA,0,0,0.000786782061369001,0,NA,NA,NA
NA,NA,NA,NA,NA,0,0.000602954476936991,0,0,NA,NA,NA
NA,NA,NA,NA,NA,0,0,0,0,NA,NA,NA
NA,NA,NA,NA,NA,0,0,0,0,NA,NA,NA
NA,NA,NA,NA,NA,0,0,0,0,NA,NA,NA
NA,NA,NA,NA,NA,0,0.000904431715405487,0.001573564122738,0,NA,NA,NA
NA,NA,NA,NA,NA,0,0.00211034066927947,0.000786782061369001,0,NA,NA,NA
NA,NA,NA,NA,NA,0,0.000602954476936991,0,0.00483091787439614,NA,NA,NA
NA,NA,NA,NA,NA,0,0.000602954476936991,0.002360346184107,0,NA,NA,NA
NA,NA,NA,NA,NA,0,0,0,0,NA,NA,NA
NA,NA,NA,NA,NA,0,0,0,0,NA,NA,NA
NA,NA,NA,NA,NA,0,0,0.003933910306845,0.00483091787439614,NA,NA,NA
NA,NA,NA,NA,NA,0,0.000301477238468496,0.000786782061369001,0,NA,NA,NA
NA,NA,NA,NA,NA,0,0.000602954476936991,0,0,NA,NA,NA
NA,NA,NA,NA,NA,0,0,0,0.00483091787439614,NA,NA,NA
NA,NA,NA,NA,NA,0,0,0,0,NA,NA,NA
NA,NA,NA,NA,NA,0,0.000602954476936991,0.000786782061369001,0,NA,NA,NA
NA,NA,NA,NA,NA,0,0,0,0,NA,NA,NA
NA,NA,NA,NA,NA,0,0.000602954476936991,0,0,NA,NA,NA
NA,NA,NA,NA,NA,0,0,0.000786782061369001,0,NA,NA,NA
NA,NA,NA,NA,NA,0,0.000301477238468496,0.000786782061369001,0.0144927536231884,NA,NA,NA
NA,NA,NA,NA,NA,0,0,0,0,NA,NA,NA
NA,NA,NA,NA,NA,0,0.000301477238468496,0,0,NA,NA,NA
NA,NA,NA,NA,NA,0,0,0.003933910306845,0,NA,NA,NA
NA,NA,NA,NA,NA,0,0.000301477238468496,0.000786782061369001,0,NA,NA,NA
NA,NA,NA,NA,NA,0,0.000904431715405487,0.000786782061369001,0,NA,NA,NA
NA,NA,NA,NA,NA,0,0.00180886343081097,0,0,NA,NA,NA
NA,NA,NA,NA,NA,0,0,0,0,NA,NA,NA
NA,NA,NA,NA,NA,0,0.00211034066927947,0,0,NA,NA,NA
NA,NA,NA,NA,NA,0,0.000904431715405487,0,0,NA,NA,NA
NA,NA,NA,NA,NA,0,0,0.002360346184107,0,NA,NA,NA
NA,NA,NA,NA,NA,0,0.00211034066927947,0.003933910306845,0,NA,NA,NA
NA,NA,NA,NA,NA,0,0,0,0,NA,NA,NA
NA,NA,NA,NA,NA,0,0.000904431715405487,0,0,NA,NA,NA
NA,NA,NA,NA,NA,0,0,0,0.00966183574879227,NA,NA,NA
NA,NA,NA,NA,NA,0,0.000301477238468496,0.001573564122738,0,NA,NA,NA
NA,NA,NA,NA,NA,0,0,0,0,NA,NA,NA
NA,NA,NA,NA,NA,0,0,0,0,NA,NA,NA
NA,NA,NA,NA,NA,0,0,0.000786782061369001,0,NA,NA,NA
NA,NA,NA,NA,NA,0,0,0,0,NA,NA,NA
NA,NA,NA,NA,NA,0,0,0,0,NA,NA,NA
NA,NA,NA,NA,NA,0,0.00120590895387398,0,0,NA,NA,NA
NA,NA,NA,NA,NA,0,0,0,0,NA,NA,NA
NA,NA,NA,NA,NA,0,0.00211034066927947,0,0,NA,NA,NA
NA,NA,NA,NA,NA,0,0.00271329514621646,0,0,NA,NA,NA
NA,NA,NA,NA,NA,0,0,0,0,NA,NA,NA
NA,NA,NA,NA,NA,0,0.000904431715405487,0.000786782061369001,0,NA,NA,NA
NA,NA,NA,NA,NA,0,0.000301477238468496,0,0,NA,NA,NA
NA,NA,NA,NA,NA,0,0,0,0,NA,NA,NA
NA,NA,NA,NA,NA,0,0.000602954476936991,0,0,NA,NA,NA
NA,NA,NA,NA,NA,0,0.000301477238468496,0,0,NA,NA,NA
NA,NA,NA,NA,NA,0,0,0,0,NA,NA,NA
NA,NA,NA,NA,NA,0.000334448160535117,0.00120590895387398,0,0,NA,NA,NA
NA,NA,NA,NA,NA,0,0,0,0,NA,NA,NA
NA,NA,NA,NA,NA,0,0,0.000786782061369001,0,NA,NA,NA
NA,NA,NA,NA,NA,0,0,0,0,NA,NA,NA
NA,NA,NA,NA,NA,0,0,0.002360346184107,0,NA,NA,NA
NA,NA,NA,NA,NA,0,0,0,0,NA,NA,NA
NA,NA,NA,NA,NA,0,0,0,0,NA,NA,NA
NA,NA,NA,NA,NA,0,0,0.00550747442958301,0.00483091787439614,NA,NA,NA
NA,NA,NA,NA,NA,0,0.000301477238468496,0,0.00483091787439614,NA,NA,NA
NA,NA,NA,NA,NA,0,0.000602954476936991,0,0,NA,NA,NA
NA,NA,NA,NA,NA,0,0,0,0.00966183574879227,NA,NA,NA
NA,NA,NA,NA,NA,0,0,0,0,NA,NA,NA
NA,NA,NA,NA,NA,0,0,0,0,NA,NA,NA
NA,NA,NA,NA,NA,0,0,0.001573564122738,0.00483091787439614,NA,NA,NA
NA,NA,NA,NA,NA,0,0,0.000786782061369001,0,NA,NA,NA
NA,NA,NA,NA,NA,0,0.000301477238468496,0,0,NA,NA,NA
NA,NA,NA,NA,NA,0,0.00120590895387398,0,0,NA,NA,NA
NA,NA,NA,NA,NA,0,0,0,0,NA,NA,NA
NA,NA,NA,NA,NA,0,0.000301477238468496,0,0,NA,NA,NA
NA,NA,NA,NA,NA,0,0.000301477238468496,0,0,NA,NA,NA
NA,NA,NA,NA,NA,0,0,0,0,NA,NA,NA
NA,NA,NA,NA,NA,0,0,0,0,NA,NA,NA
NA,NA,NA,NA,NA,0,0,0,0,NA,NA,NA
NA,NA,NA,NA,NA,0,0.00180886343081097,0,0,NA,NA,NA
NA,NA,NA,NA,NA,0,0,0.00550747442958301,0,NA,NA,NA
NA,NA,NA,NA,NA,0,0.000602954476936991,0.001573564122738,0,NA,NA,NA
NA,NA,NA,NA,NA,0,0.000301477238468496,0,0,NA,NA,NA
NA,NA,NA,NA,NA,0,0,0,0,NA,NA,NA
NA,NA,NA,NA,NA,0,0,0,0,NA,NA,NA
NA,NA,NA,NA,NA,0,0.00150738619234248,0.000786782061369001,0,NA,NA,NA
NA,NA,NA,NA,NA,0,0,0,0,NA,NA,NA
NA,NA,NA,NA,NA,0,0,0,0,NA,NA,NA
NA,NA,NA,NA,NA,0,0,0.001573564122738,0.0144927536231884,NA,NA,NA
NA,NA,NA,NA,NA,0,0.000904431715405487,0,0,NA,NA,NA
NA,NA,NA,NA,NA,0,0,0,0,NA,NA,NA
NA,NA,NA,NA,NA,0,0,0,0,NA,NA,NA
NA,NA,NA,NA,NA,0,0,0,0,NA,NA,NA
NA,NA,NA,NA,NA,0,0,0,0,NA,NA,NA
NA,NA,NA,NA,NA,0,0,0,0,NA,NA,NA
NA,NA,NA,NA,NA,0,0,0,0,NA,NA,NA
NA,NA,NA,NA,NA,0,0.00120590895387398,0,0,NA,NA,NA
NA,NA,NA,NA,NA,0,0.000602954476936991,0,0,NA,NA,NA
NA,NA,NA,NA,NA,0,0,0,0,NA,NA,NA
NA,NA,NA,NA,NA,0,0.00120590895387398,0.000786782061369001,0,NA,NA,NA
NA,NA,NA,NA,NA,0,0.00150738619234248,0,0,NA,NA,NA
NA,NA,NA,NA,NA,0,0.000301477238468496,0.003933910306845,0,NA,NA,NA
NA,NA,NA,NA,NA,0,0,0.000786782061369001,0,NA,NA,NA
NA,NA,NA,NA,NA,0,0.00211034066927947,0.003147128245476,0,NA,NA,NA
NA,NA,NA,NA,NA,0,0,0,0,NA,NA,NA
NA,NA,NA,NA,NA,0,0.00120590895387398,0,0,NA,NA,NA
NA,NA,NA,NA,NA,0,0.00120590895387398,0.001573564122738,0,NA,NA,NA
NA,NA,NA,NA,NA,0,0,0.000786782061369001,0,NA,NA,NA
NA,NA,NA,NA,NA,0,0,0.000786782061369001,0.0144927536231884,NA,NA,NA
NA,NA,NA,NA,NA,0,0,0,0,NA,NA,NA
NA,NA,NA,NA,NA,0,0,0.001573564122738,0.00483091787439614,NA,NA,NA
NA,NA,NA,NA,NA,0,0,0.000786782061369001,0,NA,NA,NA
NA,NA,NA,NA,NA,0,0.000602954476936991,0.002360346184107,0,NA,NA,NA
NA,NA,NA,NA,NA,0,0,0,0,NA,NA,NA
NA,NA,NA,NA,NA,0.000334448160535117,0.00120590895387398,0.000786782061369001,0,NA,NA,NA
NA,NA,NA,NA,NA,0,0,0,0,NA,NA,NA
NA,NA,NA,NA,NA,0,0,0,0,NA,NA,NA
NA,NA,NA,NA,NA,0,0.000602954476936991,0,0,NA,NA,NA
NA,NA,NA,NA,NA,0,0,0,0,NA,NA,NA
NA,NA,NA,NA,NA,0,0,0,0,NA,NA,NA
NA,NA,NA,NA,NA,0,0,0.002360346184107,0,NA,NA,NA
NA,NA,NA,NA,NA,0,0,0.001573564122738,0,NA,NA,NA
NA,NA,NA,NA,NA,0,0.00271329514621646,0,0,NA,NA,NA
NA,NA,NA,NA,NA,0,0.00331624962315345,0.000786782061369001,0,NA,NA,NA
NA,NA,NA,NA,NA,0,0.000602954476936991,0,0,NA,NA,NA
NA,NA,NA,NA,NA,0,0.000301477238468496,0.000786782061369001,0,NA,NA,NA
NA,NA,NA,NA,NA,0,0,0.003147128245476,0,NA,NA,NA
NA,NA,NA,NA,NA,0,0.000602954476936991,0,0.00966183574879227,NA,NA,NA
NA,NA,NA,NA,NA,0,0,0.001573564122738,0,NA,NA,NA
NA,NA,NA,NA,NA,0,0,0,0,NA,NA,NA
NA,NA,NA,NA,NA,0,0,0.001573564122738,0,NA,NA,NA
NA,NA,NA,NA,NA,0,0,0,0,NA,NA,NA
NA,NA,NA,NA,NA,0,0,0,0,NA,NA,NA
NA,NA,NA,NA,NA,0,0,0.004720692368214,0,NA,NA,NA
NA,NA,NA,NA,NA,0,0.000301477238468496,0,0,NA,NA,NA
NA,NA,NA,NA,NA,0,0,0,0,NA,NA,NA
NA,NA,NA,NA,NA,0,0,0,0,NA,NA,NA
NA,NA,NA,NA,NA,0,0,0,0,NA,NA,NA
NA,NA,NA,NA,NA,0,0.000904431715405487,0,0,NA,NA,NA
NA,NA,NA,NA,NA,0,0,0,0,NA,NA,NA
NA,NA,NA,NA,NA,0,0.00150738619234248,0.002360346184107,0,NA,NA,NA
NA,NA,NA,NA,NA,0,0,0,0,NA,NA,NA
NA,NA,NA,NA,NA,0,0.000301477238468496,0,0,NA,NA,NA
NA,NA,NA,NA,NA,0,0,0,0,NA,NA,NA
NA,NA,NA,NA,NA,0,0,0,0.00483091787439614,NA,NA,NA
NA,NA,NA,NA,NA,0,0.000904431715405487,0,0,NA,NA,NA
NA,NA,NA,NA,NA,0,0.00180886343081097,0,0,NA,NA,NA
NA,NA,NA,NA,NA,0,0.000904431715405487,0,0,NA,NA,NA
NA,NA,NA,NA,NA,0,0.000904431715405487,0,0,NA,NA,NA
NA,NA,NA,NA,NA,0,0.00180886343081097,0,0.00483091787439614,NA,NA,NA
NA,NA,NA,NA,NA,0,0,0,0,NA,NA,NA
NA,NA,NA,NA,NA,0,0,0,0,NA,NA,NA
NA,NA,NA,NA,NA,0,0,0.001573564122738,0,NA,NA,NA
NA,NA,NA,NA,NA,0,0,0,0,NA,NA,NA
NA,NA,NA,NA,NA,0,0.000602954476936991,0.003933910306845,0,NA,NA,NA
NA,NA,NA,NA,NA,0,0,0,0,NA,NA,NA
NA,NA,NA,NA,NA,0,0.000904431715405487,0.004720692368214,0,NA,NA,NA
NA,NA,NA,NA,NA,0,0,0.000786782061369001,0,NA,NA,NA
NA,NA,NA,NA,NA,0,0.000301477238468496,0,0,NA,NA,NA
NA,NA,NA,NA,NA,0,0,0,0,NA,NA,NA
NA,NA,NA,NA,NA,0,0,0,0,NA,NA,NA
NA,NA,NA,NA,NA,0,0.00180886343081097,0.000786782061369001,0,NA,NA,NA
NA,NA,NA,NA,NA,0,0,0,0,NA,NA,NA
NA,NA,NA,NA,NA,0,0.000602954476936991,0,0,NA,NA,NA
NA,NA,NA,NA,NA,0,0,0,0,NA,NA,NA
NA,NA,NA,NA,NA,0,0.00120590895387398,0,0,NA,NA,NA
NA,NA,NA,NA,NA,0,0.000301477238468496,0,0,NA,NA,NA
NA,NA,NA,NA,NA,0,0.000301477238468496,0,0,NA,NA,NA
NA,NA,NA,NA,NA,0,0,0,0,NA,NA,NA
NA,NA,NA,NA,NA,0,0,0,0,NA,NA,NA
NA,NA,NA,NA,NA,0,0,0.002360346184107,0,NA,NA,NA
NA,NA,NA,NA,NA,0,0.000602954476936991,0,0,NA,NA,NA
NA,NA,NA,NA,NA,0,0,0,0,NA,NA,NA
NA,NA,NA,NA,NA,0,0.000904431715405487,0,0,NA,NA,NA
NA,NA,NA,NA,NA,0,0.000301477238468496,0,0,NA,NA,NA
NA,NA,NA,NA,NA,0,0.000301477238468496,0,0,NA,NA,NA
NA,NA,NA,NA,NA,0,0,0.000786782061369001,0,NA,NA,NA
NA,NA,NA,NA,NA,0,0,0,0,NA,NA,NA
NA,NA,NA,NA,NA,0,0,0,0,NA,NA,NA
NA,NA,NA,NA,NA,0,0.000602954476936991,0,0,NA,NA,NA
NA,NA,NA,NA,NA,0,0,0,0,NA,NA,NA
NA,NA,NA,NA,NA,0,0.000301477238468496,0,0,NA,NA,NA
NA,NA,NA,NA,NA,0,0,0.000786782061369001,0,NA,NA,NA
NA,NA,NA,NA,NA,0,0,0,0,NA,NA,NA
NA,NA,NA,NA,NA,0,0.000904431715405487,0.000786782061369001,0,NA,NA,NA
NA,NA,NA,NA,NA,0,0,0,0,NA,NA,NA
NA,NA,NA,NA,NA,0,0,0,0,NA,NA,NA
NA,NA,NA,NA,NA,0,0,0,0,NA,NA,NA
NA,NA,NA,NA,NA,0,0,0.001573564122738,0,NA,NA,NA
NA,NA,NA,NA,NA,0,0,0,0,NA,NA,NA
NA,NA,NA,NA,NA,0,0,0,0,NA,NA,NA
NA,NA,NA,NA,NA,0,0,0.002360346184107,0,NA,NA,NA
NA,NA,NA,NA,NA,0,0.00120590895387398,0,0,NA,NA,NA
NA,NA,NA,NA,NA,0,0,0,0,NA,NA,NA
NA,NA,NA,NA,NA,0,0.00120590895387398,0,0,NA,NA,NA
NA,NA,NA,NA,NA,0,0,0,0,NA,NA,NA
NA,NA,NA,NA,NA,0,0.000602954476936991,0,0,NA,NA,NA
NA,NA,NA,NA,NA,0,0,0,0,NA,NA,NA
NA,NA,NA,NA,NA,0,0,0.003147128245476,0,NA,NA,NA
NA,NA,NA,NA,NA,0,0,0.002360346184107,0,NA,NA,NA
NA,NA,NA,NA,NA,0,0,0,0,NA,NA,NA
NA,NA,NA,NA,NA,0,0,0,0,NA,NA,NA
NA,NA,NA,NA,NA,0,0.00120590895387398,0,0,NA,NA,NA
NA,NA,NA,NA,NA,0,0,0,0,NA,NA,NA
NA,NA,NA,NA,NA,0,0.000301477238468496,0.001573564122738,0,NA,NA,NA
NA,NA,NA,NA,NA,0,0.000301477238468496,0,0,NA,NA,NA
NA,NA,NA,NA,NA,0.000334448160535117,0,0,0,NA,NA,NA
NA,NA,NA,NA,NA,0,0,0,0,NA,NA,NA
NA,NA,NA,NA,NA,0,0,0,0,NA,NA,NA
NA,NA,NA,NA,NA,0,0,0,0,NA,NA,NA
NA,NA,NA,NA,NA,0,0,0,0,NA,NA,NA
NA,NA,NA,NA,NA,0,0,0,0,NA,NA,NA
NA,NA,NA,NA,NA,0,0,0,0,NA,NA,NA
NA,NA,NA,NA,NA,0,0.000602954476936991,0,0,NA,NA,NA
NA,NA,NA,NA,NA,0,0,0,0,NA,NA,NA
NA,NA,NA,NA,NA,0,0,0,0,NA,NA,NA
NA,NA,NA,NA,NA,0,0,0,0,NA,NA,NA
NA,NA,NA,NA,NA,0,0.000301477238468496,0.003147128245476,0,NA,NA,NA
NA,NA,NA,NA,NA,0,0,0.001573564122738,0,NA,NA,NA
NA,NA,NA,NA,NA,0,0,0.000786782061369001,0,NA,NA,NA
NA,NA,NA,NA,NA,0,0,0,0,NA,NA,NA
NA,NA,NA,NA,NA,0,0,0,0,NA,NA,NA
NA,NA,NA,NA,NA,0,0.000301477238468496,0.001573564122738,0,NA,NA,NA
NA,NA,NA,NA,NA,0,0,0,0,NA,NA,NA
NA,NA,NA,NA,NA,0,0.000904431715405487,0,0,NA,NA,NA
NA,NA,NA,NA,NA,0,0,0.003147128245476,0,NA,NA,NA
NA,NA,NA,NA,NA,0,0,0,0,NA,NA,NA
NA,NA,NA,NA,NA,0,0,0,0,NA,NA,NA
NA,NA,NA,NA,NA,0,0,0.002360346184107,0.00966183574879227,NA,NA,NA
NA,NA,NA,NA,NA,0,0,0,0,NA,NA,NA
NA,NA,NA,NA,NA,0,0.000301477238468496,0,0,NA,NA,NA
NA,NA,NA,NA,NA,0,0,0.000786782061369001,0.00966183574879227,NA,NA,NA
NA,NA,NA,NA,NA,0,0.000301477238468496,0,0,NA,NA,NA
NA,NA,NA,NA,NA,0,0.00120590895387398,0,0,NA,NA,NA
NA,NA,NA,NA,NA,0,0.000301477238468496,0,0,NA,NA,NA
NA,NA,NA,NA,NA,0,0,0,0,NA,NA,NA
NA,NA,NA,NA,NA,0,0.000301477238468496,0,0,NA,NA,NA
NA,NA,NA,NA,NA,0,0.000301477238468496,0.002360346184107,0,NA,NA,NA
NA,NA,NA,NA,NA,0,0.000602954476936991,0,0,NA,NA,NA
NA,NA,NA,NA,NA,0,0,0.003147128245476,0,NA,NA,NA
NA,NA,NA,NA,NA,0,0,0,0,NA,NA,NA
NA,NA,NA,NA,NA,0,0.000301477238468496,0.001573564122738,0,NA,NA,NA
NA,NA,NA,NA,NA,0,0,0,0,NA,NA,NA
NA,NA,NA,NA,NA,0,0,0,0,NA,NA,NA
NA,NA,NA,NA,NA,0,0.000904431715405487,0,0,NA,NA,NA
NA,NA,NA,NA,NA,0,0.000904431715405487,0,0,NA,NA,NA
NA,NA,NA,NA,NA,0,0,0,0,NA,NA,NA
NA,NA,NA,NA,NA,0,0,0,0,NA,NA,NA
NA,NA,NA,NA,NA,0,0.000301477238468496,0,0,NA,NA,NA
NA,NA,NA,NA,NA,0,0,0.001573564122738,0,NA,NA,NA
NA,NA,NA,NA,NA,0,0.000301477238468496,0.000786782061369001,0,NA,NA,NA
NA,NA,NA,NA,NA,0,0.000602954476936991,0.002360346184107,0,NA,NA,NA
NA,NA,NA,NA,NA,0,0,0.001573564122738,0,NA,NA,NA
NA,NA,NA,NA,NA,0.000334448160535117,0.00120590895387398,0,0,NA,NA,NA
NA,NA,NA,NA,NA,0,0,0,0,NA,NA,NA
NA,NA,NA,NA,NA,0,0.000301477238468496,0,0,NA,NA,NA
NA,NA,NA,NA,NA,0,0.000301477238468496,0,0,NA,NA,NA
NA,NA,NA,NA,NA,0,0,0,0,NA,NA,NA
NA,NA,NA,NA,NA,0,0.000301477238468496,0.003147128245476,0,NA,NA,NA
NA,NA,NA,NA,NA,0,0,0.001573564122738,0,NA,NA,NA
NA,NA,NA,NA,NA,0,0,0.000786782061369001,0,NA,NA,NA
NA,NA,NA,NA,NA,0,0,0,0,NA,NA,NA
NA,NA,NA,NA,NA,0,0,0.004720692368214,0,NA,NA,NA
NA,NA,NA,NA,NA,0,0,0.000786782061369001,0,NA,NA,NA
NA,NA,NA,NA,NA,0,0.000904431715405487,0,0,NA,NA,NA
NA,NA,NA,NA,NA,0,0,0,0,NA,NA,NA
NA,NA,NA,NA,NA,0,0.00120590895387398,0,0,NA,NA,NA
NA,NA,NA,NA,NA,0,0,0,0,NA,NA,NA
NA,NA,NA,NA,NA,0,0,0.000786782061369001,0,NA,NA,NA
NA,NA,NA,NA,NA,0,0,0.000786782061369001,0,NA,NA,NA
NA,NA,NA,NA,NA,0,0,0,0,NA,NA,NA
NA,NA,NA,NA,NA,0,0,0,0,NA,NA,NA
NA,NA,NA,NA,NA,0,0,0,0,NA,NA,NA
NA,NA,NA,NA,NA,0,0,0.000786782061369001,0,NA,NA,NA
NA,NA,NA,NA,NA,0,0,0,0,NA,NA,NA
NA,NA,NA,NA,NA,0,0,0,0,NA,NA,NA
NA,NA,NA,NA,NA,0,0,0,0,NA,NA,NA
NA,NA,NA,NA,NA,0,0.000904431715405487,0,0,NA,NA,NA
NA,NA,NA,NA,NA,0,0,0,0,NA,NA,NA
NA,NA,NA,NA,NA,0,0,0,0,NA,NA,NA
NA,NA,NA,NA,NA,0,0.000602954476936991,0.000786782061369001,0,NA,NA,NA
NA,NA,NA,NA,NA,0,0,0.001573564122738,0,NA,NA,NA
NA,NA,NA,NA,NA,0,0,0,0,NA,NA,NA
NA,NA,NA,NA,NA,0,0,0.000786782061369001,0,NA,NA,NA
NA,NA,NA,NA,NA,0,0.00271329514621646,0.002360346184107,0,NA,NA,NA
NA,NA,NA,NA,NA,0,0,0,0,NA,NA,NA
NA,NA,NA,NA,NA,0,0,0,0,NA,NA,NA
NA,NA,NA,NA,NA,0,0,0,0,NA,NA,NA
NA,NA,NA,NA,NA,0,0,0,0,NA,NA,NA
NA,NA,NA,NA,NA,0,0,0,0,NA,NA,NA
NA,NA,NA,NA,NA,0,0.000301477238468496,0,0,NA,NA,NA
NA,NA,NA,NA,NA,0,0,0,0,NA,NA,NA
NA,NA,NA,NA,NA,0,0,0,0,NA,NA,NA
NA,NA,NA,NA,NA,0,0.00180886343081097,0.000786782061369001,0,NA,NA,NA
NA,NA,NA,NA,NA,0,0.000602954476936991,0,0,NA,NA,NA
NA,NA,NA,NA,NA,0,0,0.001573564122738,0,NA,NA,NA
NA,NA,NA,NA,NA,0,0,0.001573564122738,0,NA,NA,NA
NA,NA,NA,NA,NA,0,0.000602954476936991,0.003147128245476,0,NA,NA,NA
NA,NA,NA,NA,NA,0,0,0.003147128245476,0,NA,NA,NA
NA,NA,NA,NA,NA,0,0.000301477238468496,0.001573564122738,0,NA,NA,NA
NA,NA,NA,NA,NA,0,0,0.000786782061369001,0,NA,NA,NA
NA,NA,NA,NA,NA,0,0.000602954476936991,0,0,NA,NA,NA
NA,NA,NA,NA,NA,0,0,0.002360346184107,0,NA,NA,NA
NA,NA,NA,NA,NA,0,0,0,0,NA,NA,NA
NA,NA,NA,NA,NA,0,0.000904431715405487,0,0,NA,NA,NA
NA,NA,NA,NA,NA,0,0.000301477238468496,0,0,NA,NA,NA
NA,NA,NA,NA,NA,0,0,0.000786782061369001,0,NA,NA,NA
NA,NA,NA,NA,NA,0,0,0,0,NA,NA,NA
NA,NA,NA,NA,NA,0,0,0,0,NA,NA,NA
NA,NA,NA,NA,NA,0,0.000602954476936991,0,0,NA,NA,NA
NA,NA,NA,NA,NA,0,0.000301477238468496,0,0,NA,NA,NA
NA,NA,NA,NA,NA,0,0,0,0,NA,NA,NA
NA,NA,NA,NA,NA,0,0,0.000786782061369001,0,NA,NA,NA
NA,NA,NA,NA,NA,0,0.000301477238468496,0,0,NA,NA,NA
NA,NA,NA,NA,NA,0,0,0,0,NA,NA,NA
NA,NA,NA,NA,NA,0,0,0.000786782061369001,0.00966183574879227,NA,NA,NA
NA,NA,NA,NA,NA,0,0.000301477238468496,0.001573564122738,0,NA,NA,NA
NA,NA,NA,NA,NA,0,0.00120590895387398,0,0,NA,NA,NA
NA,NA,NA,NA,NA,0,0.00211034066927947,0,0,NA,NA,NA
NA,NA,NA,NA,NA,0,0,0,0,NA,NA,NA
NA,NA,NA,NA,NA,0,0.000301477238468496,0.000786782061369001,0,NA,NA,NA
NA,NA,NA,NA,NA,0,0,0,0,NA,NA,NA
NA,NA,NA,NA,NA,0,0,0,0,NA,NA,NA
NA,NA,NA,NA,NA,0,0.00241181790774797,0,0,NA,NA,NA
NA,NA,NA,NA,NA,0,0,0,0,NA,NA,NA
NA,NA,NA,NA,NA,0,0,0,0,NA,NA,NA
NA,NA,NA,NA,NA,0,0,0,0,NA,NA,NA
NA,NA,NA,NA,NA,0,0.000301477238468496,0,0,NA,NA,NA
NA,NA,NA,NA,NA,0,0.00150738619234248,0,0,NA,NA,NA
NA,NA,NA,NA,NA,0,0.000301477238468496,0,0,NA,NA,NA
NA,NA,NA,NA,NA,0,0,0,0,NA,NA,NA
NA,NA,NA,NA,NA,0,0,0,0,NA,NA,NA
NA,NA,NA,NA,NA,0,0,0.000786782061369001,0,NA,NA,NA
NA,NA,NA,NA,NA,0,0.000301477238468496,0,0,NA,NA,NA
NA,NA,NA,NA,NA,0,0.000301477238468496,0,0,NA,NA,NA
NA,NA,NA,NA,NA,0,0.000904431715405487,0.000786782061369001,0,NA,NA,NA
NA,NA,NA,NA,NA,0.000334448160535117,0.00120590895387398,0.000786782061369001,0,NA,NA,NA
NA,NA,NA,NA,NA,0,0,0,0,NA,NA,NA
NA,NA,NA,NA,NA,0.000334448160535117,0,0,0,NA,NA,NA
NA,NA,NA,NA,NA,0,0,0,0,NA,NA,NA
NA,NA,NA,NA,NA,0,0,0,0,NA,NA,NA
NA,NA,NA,NA,NA,0,0,0,0,NA,NA,NA
NA,NA,NA,NA,NA,0,0.000301477238468496,0,0,NA,NA,NA
NA,NA,NA,NA,NA,0,0.000301477238468496,0,0,NA,NA,NA
NA,NA,NA,NA,NA,0,0.00150738619234248,0.001573564122738,0,NA,NA,NA
NA,NA,NA,NA,NA,0,0,0,0,NA,NA,NA
NA,NA,NA,NA,NA,0,0.000904431715405487,0,0,NA,NA,NA
NA,NA,NA,NA,NA,0,0.00120590895387398,0.001573564122738,0,NA,NA,NA
NA,NA,NA,NA,NA,0,0,0,0,NA,NA,NA
NA,NA,NA,NA,NA,0,0.000904431715405487,0,0,NA,NA,NA
NA,NA,NA,NA,NA,0,0.000301477238468496,0,0,NA,NA,NA
NA,NA,NA,NA,NA,0,0,0,0,NA,NA,NA
NA,NA,NA,NA,NA,0,0.00120590895387398,0,0,NA,NA,NA
NA,NA,NA,NA,NA,0,0,0,0,NA,NA,NA
NA,NA,NA,NA,NA,0,0,0,0,NA,NA,NA
NA,NA,NA,NA,NA,0,0,0,0,NA,NA,NA
NA,NA,NA,NA,NA,0,0,0,0,NA,NA,NA
NA,NA,NA,NA,NA,0,0.00211034066927947,0,0,NA,NA,NA
NA,NA,NA,NA,NA,0,0.00120590895387398,0,0,NA,NA,NA
NA,NA,NA,NA,NA,0,0,0,0,NA,NA,NA
NA,NA,NA,NA,NA,0,0,0,0,NA,NA,NA
NA,NA,NA,NA,NA,0,0.000301477238468496,0,0,NA,NA,NA
NA,NA,NA,NA,NA,0,0,0,0,NA,NA,NA
NA,NA,NA,NA,NA,0,0,0,0,NA,NA,NA
NA,NA,NA,NA,NA,0,0,0,0,NA,NA,NA
NA,NA,NA,NA,NA,0,0,0,0,NA,NA,NA
NA,NA,NA,NA,NA,0,0,0,0.00966183574879227,NA,NA,NA
NA,NA,NA,NA,NA,0,0,0,0,NA,NA,NA
NA,NA,NA,NA,NA,0,0.00120590895387398,0,0,NA,NA,NA
NA,NA,NA,NA,NA,0,0,0,0,NA,NA,NA
NA,NA,NA,NA,NA,0,0.00211034066927947,0,0,NA,NA,NA
NA,NA,NA,NA,NA,0,0,0,0,NA,NA,NA
NA,NA,NA,NA,NA,0,0,0,0,NA,NA,NA
NA,NA,NA,NA,NA,0,0.000602954476936991,0.001573564122738,0,NA,NA,NA
NA,NA,NA,NA,NA,0,0.000602954476936991,0,0,NA,NA,NA
NA,NA,NA,NA,NA,0,0,0.000786782061369001,0,NA,NA,NA
NA,NA,NA,NA,NA,0,0,0,0,NA,NA,NA
NA,NA,NA,NA,NA,0,0,0.000786782061369001,0,NA,NA,NA
NA,NA,NA,NA,NA,0,0,0,0,NA,NA,NA
NA,NA,NA,NA,NA,0,0,0,0,NA,NA,NA
NA,NA,NA,NA,NA,0,0.000301477238468496,0,0,NA,NA,NA
NA,NA,NA,NA,NA,0,0,0,0,NA,NA,NA
NA,NA,NA,NA,NA,0,0,0,0.00483091787439614,NA,NA,NA
NA,NA,NA,NA,NA,0,0,0,0,NA,NA,NA
NA,NA,NA,NA,NA,0,0.000602954476936991,0.000786782061369001,0,NA,NA,NA
NA,NA,NA,NA,NA,0,0,0,0,NA,NA,NA
NA,NA,NA,NA,NA,0,0,0,0,NA,NA,NA
NA,NA,NA,NA,NA,0,0.000904431715405487,0,0,NA,NA,NA
NA,NA,NA,NA,NA,0,0.000301477238468496,0.003933910306845,0,NA,NA,NA
NA,NA,NA,NA,NA,0,0,0,0,NA,NA,NA
NA,NA,NA,NA,NA,0,0.000301477238468496,0,0,NA,NA,NA
NA,NA,NA,NA,NA,0,0,0,0.00966183574879227,NA,NA,NA
NA,NA,NA,NA,NA,0,0.000301477238468496,0,0,NA,NA,NA
NA,NA,NA,NA,NA,0,0.000602954476936991,0,0,NA,NA,NA
NA,NA,NA,NA,NA,0,0.000301477238468496,0,0,NA,NA,NA
NA,NA,NA,NA,NA,0,0,0,0,NA,NA,NA
NA,NA,NA,NA,NA,0,0.00120590895387398,0,0,NA,NA,NA
NA,NA,NA,NA,NA,0,0.000904431715405487,0,0,NA,NA,NA
NA,NA,NA,NA,NA,0,0,0,0,NA,NA,NA
NA,NA,NA,NA,NA,0,0,0,0,NA,NA,NA
NA,NA,NA,NA,NA,0,0,0.000786782061369001,0,NA,NA,NA
NA,NA,NA,NA,NA,0,0,0,0,NA,NA,NA
NA,NA,NA,NA,NA,0,0.000301477238468496,0.001573564122738,0,NA,NA,NA
NA,NA,NA,NA,NA,0,0,0,0,NA,NA,NA
NA,NA,NA,NA,NA,0,0.00120590895387398,0,0,NA,NA,NA
NA,NA,NA,NA,NA,0,0,0,0,NA,NA,NA
NA,NA,NA,NA,NA,0,0,0.000786782061369001,0,NA,NA,NA
NA,NA,NA,NA,NA,0,0,0,0,NA,NA,NA
NA,NA,NA,NA,NA,0,0,0,0,NA,NA,NA
NA,NA,NA,NA,NA,0,0.000301477238468496,0.001573564122738,0,NA,NA,NA
NA,NA,NA,NA,NA,0,0.000602954476936991,0,0,NA,NA,NA
NA,NA,NA,NA,NA,0,0.000602954476936991,0.001573564122738,0,NA,NA,NA
NA,NA,NA,NA,NA,0,0,0.003147128245476,0,NA,NA,NA
NA,NA,NA,NA,NA,0,0.00120590895387398,0.000786782061369001,0,NA,NA,NA
NA,NA,NA,NA,NA,0,0,0,0,NA,NA,NA
NA,NA,NA,NA,NA,0,0.000301477238468496,0.001573564122738,0,NA,NA,NA
NA,NA,NA,NA,NA,0,0.00150738619234248,0,0,NA,NA,NA
NA,NA,NA,NA,NA,0,0.000602954476936991,0,0,NA,NA,NA
NA,NA,NA,NA,NA,0.000334448160535117,0,0,0,NA,NA,NA
NA,NA,NA,NA,NA,0,0,0.003147128245476,0.00483091787439614,NA,NA,NA
NA,NA,NA,NA,NA,0,0,0,0,NA,NA,NA
NA,NA,NA,NA,NA,0,0,0,0,NA,NA,NA
NA,NA,NA,NA,NA,0,0,0.002360346184107,0.00966183574879227,NA,NA,NA
NA,NA,NA,NA,NA,0,0,0,0,NA,NA,NA
NA,NA,NA,NA,NA,0,0,0,0,NA,NA,NA
NA,NA,NA,NA,NA,0,0,0.002360346184107,0,NA,NA,NA
NA,NA,NA,NA,NA,0,0,0.000786782061369001,0.00483091787439614,NA,NA,NA
NA,NA,NA,NA,NA,0,0,0,0,NA,NA,NA
NA,NA,NA,NA,NA,0,0,0,0,NA,NA,NA
NA,NA,NA,NA,NA,0,0.00120590895387398,0,0,NA,NA,NA
NA,NA,NA,NA,NA,0,0.000301477238468496,0,0,NA,NA,NA
NA,NA,NA,NA,NA,0,0,0,0,NA,NA,NA
NA,NA,NA,NA,NA,0,0.00241181790774797,0,0,NA,NA,NA
NA,NA,NA,NA,NA,0,0.000301477238468496,0.000786782061369001,0,NA,NA,NA
NA,NA,NA,NA,NA,0,0.000904431715405487,0,0,NA,NA,NA
NA,NA,NA,NA,NA,0,0.000301477238468496,0,0,NA,NA,NA
NA,NA,NA,NA,NA,0,0,0,0,NA,NA,NA
NA,NA,NA,NA,NA,0,0,0,0.00483091787439614,NA,NA,NA
NA,NA,NA,NA,NA,0,0,0.000786782061369001,0,NA,NA,NA
NA,NA,NA,NA,NA,0,0.000602954476936991,0.001573564122738,0,NA,NA,NA
NA,NA,NA,NA,NA,0,0.000602954476936991,0,0,NA,NA,NA
NA,NA,NA,NA,NA,0,0.000301477238468496,0,0,NA,NA,NA
NA,NA,NA,NA,NA,0,0,0,0,NA,NA,NA
NA,NA,NA,NA,NA,0,0,0,0,NA,NA,NA
NA,NA,NA,NA,NA,0,0.000904431715405487,0,0,NA,NA,NA
NA,NA,NA,NA,NA,0,0,0,0,NA,NA,NA
NA,NA,NA,NA,NA,0,0.000301477238468496,0,0,NA,NA,NA
NA,NA,NA,NA,NA,0,0,0,0,NA,NA,NA
NA,NA,NA,NA,NA,0,0.000301477238468496,0.000786782061369001,0,NA,NA,NA
NA,NA,NA,NA,NA,0,0.000602954476936991,0,0,NA,NA,NA
NA,NA,NA,NA,NA,0,0,0,0,NA,NA,NA
NA,NA,NA,NA,NA,0,0,0.000786782061369001,0.00483091787439614,NA,NA,NA
NA,NA,NA,NA,NA,0,0,0,0,NA,NA,NA
NA,NA,NA,NA,NA,0,0,0,0,NA,NA,NA
NA,NA,NA,NA,NA,0,0.000602954476936991,0.001573564122738,0,NA,NA,NA
NA,NA,NA,NA,NA,0,0,0.000786782061369001,0,NA,NA,NA
NA,NA,NA,NA,NA,0,0.00150738619234248,0,0,NA,NA,NA
NA,NA,NA,NA,NA,0,0,0.002360346184107,0,NA,NA,NA
NA,NA,NA,NA,NA,0,0,0,0,NA,NA,NA
NA,NA,NA,NA,NA,0,0,0,0,NA,NA,NA
NA,NA,NA,NA,NA,0,0,0,0,NA,NA,NA
NA,NA,NA,NA,NA,0,0,0,0,NA,NA,NA
NA,NA,NA,NA,NA,0,0,0,0,NA,NA,NA
NA,NA,NA,NA,NA,0,0.000301477238468496,0,0,NA,NA,NA
NA,NA,NA,NA,NA,0,0,0,0,NA,NA,NA
NA,NA,NA,NA,NA,0,0,0,0,NA,NA,NA
NA,NA,NA,NA,NA,0,0,0,0,NA,NA,NA
NA,NA,NA,NA,NA,0,0,0.003933910306845,0.0144927536231884,NA,NA,NA
NA,NA,NA,NA,NA,0,0,0,0,NA,NA,NA
NA,NA,NA,NA,NA,0,0,0.000786782061369001,0,NA,NA,NA
NA,NA,NA,NA,NA,0,0.000301477238468496,0,0,NA,NA,NA
NA,NA,NA,NA,NA,0,0,0,0,NA,NA,NA
NA,NA,NA,NA,NA,0,0.000904431715405487,0.003147128245476,0,NA,NA,NA
NA,NA,NA,NA,NA,0,0.00271329514621646,0.000786782061369001,0,NA,NA,NA
NA,NA,NA,NA,NA,0,0.000904431715405487,0,0,NA,NA,NA
NA,NA,NA,NA,NA,0,0,0.00708103855232101,0,NA,NA,NA
NA,NA,NA,NA,NA,0,0,0.000786782061369001,0,NA,NA,NA
NA,NA,NA,NA,NA,0,0,0,0,NA,NA,NA
NA,NA,NA,NA,NA,0,0.00150738619234248,0,0,NA,NA,NA
NA,NA,NA,NA,NA,0,0.000301477238468496,0,0,NA,NA,NA
NA,NA,NA,NA,NA,0,0.000904431715405487,0,0.00966183574879227,NA,NA,NA
NA,NA,NA,NA,NA,0,0.000904431715405487,0,0,NA,NA,NA
NA,NA,NA,NA,NA,0,0.000602954476936991,0,0,NA,NA,NA
NA,NA,NA,NA,NA,0.000334448160535117,0.00120590895387398,0.000786782061369001,0,NA,NA,NA
NA,NA,NA,NA,NA,0,0,0,0,NA,NA,NA
NA,NA,NA,NA,NA,0,0.000301477238468496,0,0,NA,NA,NA
NA,NA,NA,NA,NA,0,0,0,0,NA,NA,NA
NA,NA,NA,NA,NA,0,0.00241181790774797,0,0,NA,NA,NA
NA,NA,NA,NA,NA,0,0.000301477238468496,0,0,NA,NA,NA
NA,NA,NA,NA,NA,0,0.00150738619234248,0,0,NA,NA,NA
NA,NA,NA,NA,NA,0,0,0.001573564122738,0,NA,NA,NA
NA,NA,NA,NA,NA,0,0,0,0,NA,NA,NA
NA,NA,NA,NA,NA,0,0,0,0,NA,NA,NA
NA,NA,NA,NA,NA,0,0.000301477238468496,0,0,NA,NA,NA
NA,NA,NA,NA,NA,0,0.00180886343081097,0,0,NA,NA,NA
NA,NA,NA,NA,NA,0,0.000602954476936991,0,0,NA,NA,NA
NA,NA,NA,NA,NA,0,0.00180886343081097,0.001573564122738,0,NA,NA,NA
NA,NA,NA,NA,NA,0,0.000301477238468496,0,0,NA,NA,NA
NA,NA,NA,NA,NA,0,0,0,0,NA,NA,NA
NA,NA,NA,NA,NA,0,0,0,0.00483091787439614,NA,NA,NA
NA,NA,NA,NA,NA,0,0,0,0,NA,NA,NA
NA,NA,NA,NA,NA,0,0.000301477238468496,0,0,NA,NA,NA
NA,NA,NA,NA,NA,0,0,0.003147128245476,0.00483091787439614,NA,NA,NA
NA,NA,NA,NA,NA,0,0.000301477238468496,0.001573564122738,0,NA,NA,NA
NA,NA,NA,NA,NA,0,0,0,0,NA,NA,NA
NA,NA,NA,NA,NA,0,0.000301477238468496,0,0,NA,NA,NA
NA,NA,NA,NA,NA,0,0,0.003147128245476,0,NA,NA,NA
NA,NA,NA,NA,NA,0,0.000301477238468496,0.000786782061369001,0,NA,NA,NA
NA,NA,NA,NA,NA,0,0.000301477238468496,0,0,NA,NA,NA
NA,NA,NA,NA,NA,0,0.000301477238468496,0,0,NA,NA,NA
NA,NA,NA,NA,NA,0,0,0,0,NA,NA,NA
NA,NA,NA,NA,NA,0,0.000602954476936991,0,0,NA,NA,NA
NA,NA,NA,NA,NA,0,0.00120590895387398,0,0,NA,NA,NA
NA,NA,NA,NA,NA,0,0,0,0,NA,NA,NA
NA,NA,NA,NA,NA,0,0.00211034066927947,0,0,NA,NA,NA
NA,NA,NA,NA,NA,0,0,0,0,NA,NA,NA
NA,NA,NA,NA,NA,0,0,0,0,NA,NA,NA
NA,NA,NA,NA,NA,0,0.000904431715405487,0,0,NA,NA,NA
NA,NA,NA,NA,NA,0,0.000602954476936991,0.002360346184107,0,NA,NA,NA
NA,NA,NA,NA,NA,0,0,0.000786782061369001,0,NA,NA,NA
NA,NA,NA,NA,NA,0,0,0,0,NA,NA,NA
NA,NA,NA,NA,NA,0,0.000301477238468496,0.001573564122738,0,NA,NA,NA
NA,NA,NA,NA,NA,0,0.000602954476936991,0.001573564122738,0,NA,NA,NA
NA,NA,NA,NA,NA,0,0,0,0,NA,NA,NA
NA,NA,NA,NA,NA,0,0,0,0,NA,NA,NA
NA,NA,NA,NA,NA,0,0.00180886343081097,0,0,NA,NA,NA
NA,NA,NA,NA,NA,0,0,0,0,NA,NA,NA
NA,NA,NA,NA,NA,0,0,0,0,NA,NA,NA
NA,NA,NA,NA,NA,0,0,0,0,NA,NA,NA
NA,NA,NA,NA,NA,0,0,0.002360346184107,0,NA,NA,NA
NA,NA,NA,NA,NA,0,0.00120590895387398,0,0,NA,NA,NA
NA,NA,NA,NA,NA,0,0,0.000786782061369001,0,NA,NA,NA
NA,NA,NA,NA,NA,0,0.000602954476936991,0,0,NA,NA,NA
NA,NA,NA,NA,NA,0,0.000301477238468496,0,0,NA,NA,NA
NA,NA,NA,NA,NA,0,0.00271329514621646,0,0,NA,NA,NA
NA,NA,NA,NA,NA,0,0.000301477238468496,0,0,NA,NA,NA
NA,NA,NA,NA,NA,0,0,0,0,NA,NA,NA
NA,NA,NA,NA,NA,0,0,0,0,NA,NA,NA
NA,NA,NA,NA,NA,0,0,0,0,NA,NA,NA
NA,NA,NA,NA,NA,0,0,0,0,NA,NA,NA
NA,NA,NA,NA,NA,0,0.000904431715405487,0,0,NA,NA,NA
NA,NA,NA,NA,NA,0,0.00120590895387398,0,0,NA,NA,NA
NA,NA,NA,NA,NA,0,0.000602954476936991,0.001573564122738,0,NA,NA,NA
NA,NA,NA,NA,NA,0,0,0,0.00483091787439614,NA,NA,NA
NA,NA,NA,NA,NA,0,0,0,0,NA,NA,NA
NA,NA,NA,NA,NA,0,0.000904431715405487,0.003147128245476,0.00483091787439614,NA,NA,NA
NA,NA,NA,NA,NA,0,0.000301477238468496,0,0.00483091787439614,NA,NA,NA
NA,NA,NA,NA,NA,0,0.000904431715405487,0,0,NA,NA,NA
NA,NA,NA,NA,NA,0,0.000301477238468496,0.001573564122738,0.00483091787439614,NA,NA,NA
NA,NA,NA,NA,NA,0,0,0,0,NA,NA,NA
NA,NA,NA,NA,NA,0,0.000602954476936991,0,0,NA,NA,NA
NA,NA,NA,NA,NA,0,0,0,0,NA,NA,NA
NA,NA,NA,NA,NA,0,0.000602954476936991,0,0,NA,NA,NA
NA,NA,NA,NA,NA,0,0.000904431715405487,0,0,NA,NA,NA
NA,NA,NA,NA,NA,0,0,0.000786782061369001,0.00483091787439614,NA,NA,NA
NA,NA,NA,NA,NA,0,0,0.002360346184107,0,NA,NA,NA
NA,NA,NA,NA,NA,0,0,0,0,NA,NA,NA
NA,NA,NA,NA,NA,0,0.000602954476936991,0,0,NA,NA,NA
NA,NA,NA,NA,NA,0,0.00180886343081097,0,0,NA,NA,NA
NA,NA,NA,NA,NA,0,0,0,0,NA,NA,NA
NA,NA,NA,NA,NA,0,0.000904431715405487,0,0,NA,NA,NA
NA,NA,NA,NA,NA,0,0,0.003147128245476,0,NA,NA,NA
NA,NA,NA,NA,NA,0,0,0,0,NA,NA,NA
NA,NA,NA,NA,NA,0,0.00211034066927947,0,0,NA,NA,NA
NA,NA,NA,NA,NA,0,0,0,0,NA,NA,NA
NA,NA,NA,NA,NA,0,0,0,0,NA,NA,NA
NA,NA,NA,NA,NA,0,0,0,0,NA,NA,NA
NA,NA,NA,NA,NA,0,0,0.001573564122738,0,NA,NA,NA
NA,NA,NA,NA,NA,0,0.000301477238468496,0.000786782061369001,0,NA,NA,NA
NA,NA,NA,NA,NA,0,0.00120590895387398,0.002360346184107,0,NA,NA,NA
NA,NA,NA,NA,NA,0,0,0.001573564122738,0,NA,NA,NA
NA,NA,NA,NA,NA,0,0,0,0,NA,NA,NA
NA,NA,NA,NA,NA,0,0.000301477238468496,0.000786782061369001,0,NA,NA,NA
NA,NA,NA,NA,NA,0,0.000301477238468496,0.001573564122738,0,NA,NA,NA
NA,NA,NA,NA,NA,0,0.000904431715405487,0.000786782061369001,0,NA,NA,NA
NA,NA,NA,NA,NA,0,0,0,0,NA,NA,NA
NA,NA,NA,NA,NA,0,0,0,0,NA,NA,NA
NA,NA,NA,NA,NA,0,0,0,0,NA,NA,NA
NA,NA,NA,NA,NA,0,0.00271329514621646,0,0,NA,NA,NA
NA,NA,NA,NA,NA,0,0,0.000786782061369001,0,NA,NA,NA
NA,NA,NA,NA,NA,0,0.000602954476936991,0,0,NA,NA,NA
NA,NA,NA,NA,NA,0,0,0.000786782061369001,0,NA,NA,NA
NA,NA,NA,NA,NA,0,0.000301477238468496,0,0,NA,NA,NA
