xmin,ymax,xmax,ymin,lon,lat,area,Piping_Plover,Red_Knot,Roseate_Tern
-66.99984412,44.76902266,-66.49984412,44.26902266,-66.74984412,44.51902266,2208.652844,1,1,1
-67.49984412,44.76902266,-66.99984412,44.26902266,-67.24984412,44.51902266,2208.652844,1,1,1
-67.99984412,44.76902266,-67.49984412,44.26902266,-67.74984412,44.51902266,2208.652844,1,1,1
-68.49984412,44.76902266,-67.99984412,44.26902266,-68.24984412,44.51902266,2208.652844,1,1,1
-68.49984412,44.26902266,-67.99984412,43.76902266,-68.24984412,44.01902266,2227.260721,1,1,1
-68.99984412,44.26902266,-68.49984412,43.76902266,-68.74984412,44.01902266,2227.260721,0,0,0
-69.49984412,44.26902266,-68.99984412,43.76902266,-69.24984412,44.01902266,2227.260721,0,0,0
-70.49984412,43.76902266,-69.99984412,43.26902266,-70.24984412,43.51902266,2245.694786,0,0,0
-70.49984412,43.26902266,-69.99984412,42.76902266,-70.24984412,43.01902266,2263.95376,0,0,0
-70.99984412,43.26902266,-70.49984412,42.76902266,-70.74984412,43.01902266,2263.95376,0,0,0
-69.99984412,43.76902266,-69.49984412,43.26902266,-69.74984412,43.51902266,2245.694786,0,0,0
-70.99984412,42.76902266,-70.49984412,42.26902266,-70.74984412,42.51902266,2282.03638,0,0,0
-70.99984412,42.26902266,-70.49984412,41.76902266,-70.74984412,42.01902266,2299.941401,0,0,0
-69.99984412,44.26902266,-69.49984412,43.76902266,-69.74984412,44.01902266,2227.260721,0,0,0
-69.99984412,43.26902266,-69.49984412,42.76902266,-69.74984412,43.01902266,2263.95376,0,0,0
-69.49984412,43.76902266,-68.99984412,43.26902266,-69.24984412,43.51902266,2245.694786,0,0,0
-70.49984412,42.76902266,-69.99984412,42.26902266,-70.24984412,42.51902266,2282.03638,0,0,0
-70.49984412,42.26902266,-69.99984412,41.76902266,-70.24984412,42.01902266,2299.941401,0,0,0
-69.99984412,42.26902266,-69.49984412,41.76902266,-69.74984412,42.01902266,2299.941401,0,0,0
-70.49984412,41.76902266,-69.99984412,41.26902266,-70.24984412,41.51902266,2317.667593,0,0,0
-71.49984412,41.76902266,-70.99984412,41.26902266,-71.24984412,41.51902266,2317.667593,0,0,0
-71.49984412,41.26902266,-70.99984412,40.76902266,-71.24984412,41.01902266,2335.213742,0,0,0
-71.99984412,41.76902266,-71.49984412,41.26902266,-71.74984412,41.51902266,2317.667593,0,0,0
-71.99984412,41.26902266,-71.49984412,40.76902266,-71.74984412,41.01902266,2335.213742,0,0,0
-68.49984412,41.76902266,-67.99984412,41.26902266,-68.24984412,41.51902266,2317.667593,1,1,1
-68.49984412,41.26902266,-67.99984412,40.76902266,-68.24984412,41.01902266,2335.213742,1,1,1
-67.99984412,41.76902266,-67.49984412,41.26902266,-67.74984412,41.51902266,2317.667593,1,1,1
-67.99984412,41.26902266,-67.49984412,40.76902266,-67.74984412,41.01902266,2335.213742,1,1,1
-72.49984412,41.26902266,-71.99984412,40.76902266,-72.24984412,41.01902266,2335.213742,0,0,0
-73.99984412,40.76902266,-73.49984412,40.26902266,-73.74984412,40.51902266,2352.57865,0,0,0
-73.99984412,40.26902266,-73.49984412,39.76902266,-73.74984412,40.01902266,2369.761136,0,0,0
-73.49984412,40.76902266,-72.99984412,40.26902266,-73.24984412,40.51902266,2352.57865,0,0,0
-74.49984412,40.26902266,-73.99984412,39.76902266,-74.24984412,40.01902266,2369.761136,0,0,0
-74.99984412,39.26902266,-74.49984412,38.76902266,-74.74984412,39.01902266,2403.574192,0,0,0
-69.99984412,42.76902266,-69.49984412,42.26902266,-69.74984412,42.51902266,2282.03638,0,0,0
-69.99984412,41.76902266,-69.49984412,41.26902266,-69.74984412,41.51902266,2317.667593,0,0,0
-69.99984412,40.76902266,-69.49984412,40.26902266,-69.74984412,40.51902266,2352.57865,0,0,0
-69.99984412,41.26902266,-69.49984412,40.76902266,-69.74984412,41.01902266,2335.213742,0,0,0
-69.99984412,40.26902266,-69.49984412,39.76902266,-69.74984412,40.01902266,2369.761136,1,1,1
-69.49984412,42.76902266,-68.99984412,42.26902266,-69.24984412,42.51902266,2282.03638,0,0,0
-69.49984412,43.26902266,-68.99984412,42.76902266,-69.24984412,43.01902266,2263.95376,0,0,0
-69.49984412,41.76902266,-68.99984412,41.26902266,-69.24984412,41.51902266,2317.667593,0,0,0
-69.49984412,42.26902266,-68.99984412,41.76902266,-69.24984412,42.01902266,2299.941401,0,0,0
-69.49984412,40.76902266,-68.99984412,40.26902266,-69.24984412,40.51902266,2352.57865,1,1,1
-69.49984412,41.26902266,-68.99984412,40.76902266,-69.24984412,41.01902266,2335.213742,0,0,0
-69.49984412,40.26902266,-68.99984412,39.76902266,-69.24984412,40.01902266,2369.761136,1,1,1
-70.49984412,40.76902266,-69.99984412,40.26902266,-70.24984412,40.51902266,2352.57865,0,0,0
-70.49984412,41.26902266,-69.99984412,40.76902266,-70.24984412,41.01902266,2335.213742,0,0,0
-70.49984412,39.76902266,-69.99984412,39.26902266,-70.24984412,39.51902266,2386.760033,1,1,1
-70.49984412,40.26902266,-69.99984412,39.76902266,-70.24984412,40.01902266,2369.761136,0,0,0
-70.49984412,39.26902266,-69.99984412,38.76902266,-70.24984412,39.01902266,2403.574192,1,1,1
-68.49984412,43.76902266,-67.99984412,43.26902266,-68.24984412,43.51902266,2245.694786,1,1,1
-68.49984412,42.76902266,-67.99984412,42.26902266,-68.24984412,42.51902266,2282.03638,1,1,1
-68.49984412,43.26902266,-67.99984412,42.76902266,-68.24984412,43.01902266,2263.95376,1,1,1
-68.49984412,42.26902266,-67.99984412,41.76902266,-68.24984412,42.01902266,2299.941401,1,1,1
-68.49984412,40.76902266,-67.99984412,40.26902266,-68.24984412,40.51902266,2352.57865,1,1,1
-68.49984412,40.26902266,-67.99984412,39.76902266,-68.24984412,40.01902266,2369.761136,1,1,1
-67.99984412,43.76902266,-67.49984412,43.26902266,-67.74984412,43.51902266,2245.694786,1,1,1
-67.99984412,44.26902266,-67.49984412,43.76902266,-67.74984412,44.01902266,2227.260721,1,1,1
-67.99984412,42.76902266,-67.49984412,42.26902266,-67.74984412,42.51902266,2282.03638,1,1,1
-67.99984412,43.26902266,-67.49984412,42.76902266,-67.74984412,43.01902266,2263.95376,1,1,1
-67.99984412,42.26902266,-67.49984412,41.76902266,-67.74984412,42.01902266,2299.941401,1,1,1
-67.99984412,40.76902266,-67.49984412,40.26902266,-67.74984412,40.51902266,2352.57865,1,1,1
-67.99984412,40.26902266,-67.49984412,39.76902266,-67.74984412,40.01902266,2369.761136,1,1,1
-68.99984412,43.76902266,-68.49984412,43.26902266,-68.74984412,43.51902266,2245.694786,0,0,0
-68.99984412,42.76902266,-68.49984412,42.26902266,-68.74984412,42.51902266,2282.03638,0,0,0
-68.99984412,43.26902266,-68.49984412,42.76902266,-68.74984412,43.01902266,2263.95376,0,0,0
-68.99984412,41.76902266,-68.49984412,41.26902266,-68.74984412,41.51902266,2317.667593,1,1,1
-68.99984412,42.26902266,-68.49984412,41.76902266,-68.74984412,42.01902266,2299.941401,0,0,0
-68.99984412,40.76902266,-68.49984412,40.26902266,-68.74984412,40.51902266,2352.57865,1,1,1
-68.99984412,41.26902266,-68.49984412,40.76902266,-68.74984412,41.01902266,2335.213742,1,1,1
-68.99984412,40.26902266,-68.49984412,39.76902266,-68.74984412,40.01902266,2369.761136,1,1,1
-67.49984412,43.76902266,-66.99984412,43.26902266,-67.24984412,43.51902266,2245.694786,1,1,1
-67.49984412,44.26902266,-66.99984412,43.76902266,-67.24984412,44.01902266,2227.260721,1,1,1
-71.49984412,40.76902266,-70.99984412,40.26902266,-71.24984412,40.51902266,2352.57865,0,0,0
-71.49984412,39.76902266,-70.99984412,39.26902266,-71.24984412,39.51902266,2386.760033,1,1,1
-71.49984412,40.26902266,-70.99984412,39.76902266,-71.24984412,40.01902266,2369.761136,0,0,0
-71.49984412,39.26902266,-70.99984412,38.76902266,-71.24984412,39.01902266,2403.574192,1,1,1
-70.99984412,40.76902266,-70.49984412,40.26902266,-70.74984412,40.51902266,2352.57865,0,0,0
-70.99984412,41.26902266,-70.49984412,40.76902266,-70.74984412,41.01902266,2335.213742,0,0,0
-70.99984412,39.76902266,-70.49984412,39.26902266,-70.74984412,39.51902266,2386.760033,1,1,1
-70.99984412,40.26902266,-70.49984412,39.76902266,-70.74984412,40.01902266,2369.761136,0,0,0
-70.99984412,39.26902266,-70.49984412,38.76902266,-70.74984412,39.01902266,2403.574192,1,1,1
-71.99984412,40.76902266,-71.49984412,40.26902266,-71.74984412,40.51902266,2352.57865,0,0,0
-71.99984412,39.76902266,-71.49984412,39.26902266,-71.74984412,39.51902266,2386.760033,0,0,0
-71.99984412,40.26902266,-71.49984412,39.76902266,-71.74984412,40.01902266,2369.761136,0,0,0
-71.99984412,39.26902266,-71.49984412,38.76902266,-71.74984412,39.01902266,2403.574192,0,0,0
-75.49984412,38.76902266,-74.99984412,38.26902266,-75.24984412,38.51902266,2420.202481,0,0,0
-74.99984412,38.76902266,-74.49984412,38.26902266,-74.74984412,38.51902266,2420.202481,0,0,0
-75.99984412,37.76902266,-75.49984412,37.26902266,-75.74984412,37.51902266,2452.89699,0,0,0
-75.49984412,37.76902266,-74.99984412,37.26902266,-75.24984412,37.51902266,2452.89699,0,0,0
-75.49984412,38.26902266,-74.99984412,37.76902266,-75.24984412,38.01902266,2436.643781,0,0,0
-75.99984412,36.76902266,-75.49984412,36.26902266,-75.74984412,36.51902266,2484.834814,0,0,0
-75.99984412,37.26902266,-75.49984412,36.76902266,-75.74984412,37.01902266,2468.961024,0,0,0
-75.99984412,36.26902266,-75.49984412,35.76902266,-75.74984412,36.01902266,2500.517304,0,0,0
-74.49984412,39.76902266,-73.99984412,39.26902266,-74.24984412,39.51902266,2386.760033,0,0,0
-74.49984412,39.26902266,-73.99984412,38.76902266,-74.24984412,39.01902266,2403.574192,0,0,0
-73.99984412,39.76902266,-73.49984412,39.26902266,-73.74984412,39.51902266,2386.760033,0,0,0
-75.49984412,39.26902266,-74.99984412,38.76902266,-75.24984412,39.01902266,2403.574192,0,0,0
-75.49984412,36.76902266,-74.99984412,36.26902266,-75.24984412,36.51902266,2484.834814,0,0,0
-75.49984412,37.26902266,-74.99984412,36.76902266,-75.24984412,37.01902266,2468.961024,0,0,0
-75.49984412,35.76902266,-74.99984412,35.26902266,-75.24984412,35.51902266,2516.007459,1,1,1
-75.49984412,36.26902266,-74.99984412,35.76902266,-75.24984412,36.01902266,2500.517304,0,0,0
-75.49984412,35.26902266,-74.99984412,34.76902266,-75.24984412,35.01902266,2531.304256,1,1,1
-74.99984412,37.76902266,-74.49984412,37.26902266,-74.74984412,37.51902266,2452.89699,0,0,0
-74.99984412,38.26902266,-74.49984412,37.76902266,-74.74984412,38.01902266,2436.643781,0,0,0
-74.99984412,36.76902266,-74.49984412,36.26902266,-74.74984412,36.51902266,2484.834814,0,0,0
-74.99984412,37.26902266,-74.49984412,36.76902266,-74.74984412,37.01902266,2468.961024,0,0,0
-74.99984412,35.76902266,-74.49984412,35.26902266,-74.74984412,35.51902266,2516.007459,1,1,1
-74.99984412,36.26902266,-74.49984412,35.76902266,-74.74984412,36.01902266,2500.517304,0,0,0
-72.99984412,40.76902266,-72.49984412,40.26902266,-72.74984412,40.51902266,2352.57865,0,0,0
-72.99984412,41.26902266,-72.49984412,40.76902266,-72.74984412,41.01902266,2335.213742,0,0,0
-72.49984412,40.76902266,-71.99984412,40.26902266,-72.24984412,40.51902266,2352.57865,0,0,0
-73.49984412,40.26902266,-72.99984412,39.76902266,-73.24984412,40.01902266,2369.761136,0,0,0
-72.99984412,36.76902266,-72.49984412,36.26902266,-72.74984412,36.51902266,2484.834814,1,1,1
-72.99984412,37.26902266,-72.49984412,36.76902266,-72.74984412,37.01902266,2468.961024,1,1,1
-72.99984412,35.76902266,-72.49984412,35.26902266,-72.74984412,35.51902266,2516.007459,1,1,1
-72.99984412,36.26902266,-72.49984412,35.76902266,-72.74984412,36.01902266,2500.517304,1,1,1
-72.99984412,35.26902266,-72.49984412,34.76902266,-72.74984412,35.01902266,2531.304256,1,1,1
-73.99984412,35.76902266,-73.49984412,35.26902266,-73.74984412,35.51902266,2516.007459,1,1,1
-73.99984412,36.26902266,-73.49984412,35.76902266,-73.74984412,36.01902266,2500.517304,1,1,1
-73.99984412,35.26902266,-73.49984412,34.76902266,-73.74984412,35.01902266,2531.304256,1,1,1
-73.49984412,36.76902266,-72.99984412,36.26902266,-73.24984412,36.51902266,2484.834814,1,1,1
-73.49984412,35.76902266,-72.99984412,35.26902266,-73.24984412,35.51902266,2516.007459,1,1,1
-73.49984412,36.26902266,-72.99984412,35.76902266,-73.24984412,36.01902266,2500.517304,1,1,1
-73.49984412,35.26902266,-72.99984412,34.76902266,-73.24984412,35.01902266,2531.304256,1,1,1
-72.49984412,37.76902266,-71.99984412,37.26902266,-72.24984412,37.51902266,2452.89699,1,1,1
-72.49984412,38.26902266,-71.99984412,37.76902266,-72.24984412,38.01902266,2436.643781,0,0,0
-72.49984412,36.76902266,-71.99984412,36.26902266,-72.24984412,36.51902266,2484.834814,1,1,1
-72.49984412,37.26902266,-71.99984412,36.76902266,-72.24984412,37.01902266,2468.961024,1,1,1
-72.49984412,35.76902266,-71.99984412,35.26902266,-72.24984412,35.51902266,2516.007459,1,1,1
-72.49984412,36.26902266,-71.99984412,35.76902266,-72.24984412,36.01902266,2500.517304,1,1,1
-71.99984412,37.76902266,-71.49984412,37.26902266,-71.74984412,37.51902266,2452.89699,1,1,1
-71.99984412,36.76902266,-71.49984412,36.26902266,-71.74984412,36.51902266,2484.834814,1,1,1
-71.99984412,37.26902266,-71.49984412,36.76902266,-71.74984412,37.01902266,2468.961024,1,1,1
-71.99984412,35.76902266,-71.49984412,35.26902266,-71.74984412,35.51902266,2516.007459,1,1,1
-71.99984412,36.26902266,-71.49984412,35.76902266,-71.74984412,36.01902266,2500.517304,1,1,1
-76.99984412,34.76902266,-76.49984412,34.26902266,-76.74984412,34.51902266,2546.40669,1,1,1
-77.49984412,34.76902266,-76.99984412,34.26902266,-77.24984412,34.51902266,2546.40669,1,1,1
-78.99984412,34.26902266,-78.49984412,33.76902266,-78.74984412,34.01902266,2561.31377,1,1,1
-78.49984412,34.26902266,-77.99984412,33.76902266,-78.24984412,34.01902266,2561.31377,1,1,1
-78.99984412,33.76902266,-78.49984412,33.26902266,-78.74984412,33.51902266,2576.024522,1,1,1
-79.49984412,33.76902266,-78.99984412,33.26902266,-79.24984412,33.51902266,2576.024522,1,1,1
-75.99984412,34.76902266,-75.49984412,34.26902266,-75.74984412,34.51902266,2546.40669,1,1,1
-75.99984412,35.26902266,-75.49984412,34.76902266,-75.74984412,35.01902266,2531.304256,1,1,1
-75.99984412,33.76902266,-75.49984412,33.26902266,-75.74984412,33.51902266,2576.024522,1,1,1
-75.99984412,34.26902266,-75.49984412,33.76902266,-75.74984412,34.01902266,2561.31377,1,1,1
-75.99984412,33.26902266,-75.49984412,32.76902266,-75.74984412,33.01902266,2590.537989,1,1,1
-76.49984412,34.76902266,-75.99984412,34.26902266,-76.24984412,34.51902266,2546.40669,1,1,1
-76.49984412,35.26902266,-75.99984412,34.76902266,-76.24984412,35.01902266,2531.304256,1,1,1
-76.49984412,33.76902266,-75.99984412,33.26902266,-76.24984412,33.51902266,2576.024522,1,1,1
-76.49984412,34.26902266,-75.99984412,33.76902266,-76.24984412,34.01902266,2561.31377,1,1,1
-74.49984412,38.76902266,-73.99984412,38.26902266,-74.24984412,38.51902266,2420.202481,0,0,0
-74.49984412,37.76902266,-73.99984412,37.26902266,-74.24984412,37.51902266,2452.89699,0,0,0
-74.49984412,38.26902266,-73.99984412,37.76902266,-74.24984412,38.01902266,2436.643781,0,0,0
-74.49984412,36.76902266,-73.99984412,36.26902266,-74.24984412,36.51902266,2484.834814,0,0,0
-74.49984412,37.26902266,-73.99984412,36.76902266,-74.24984412,37.01902266,2468.961024,0,0,0
-74.49984412,35.76902266,-73.99984412,35.26902266,-74.24984412,35.51902266,2516.007459,1,1,1
-74.49984412,36.26902266,-73.99984412,35.76902266,-74.24984412,36.01902266,2500.517304,0,0,0
-74.49984412,34.76902266,-73.99984412,34.26902266,-74.24984412,34.51902266,2546.40669,1,1,1
-74.49984412,35.26902266,-73.99984412,34.76902266,-74.24984412,35.01902266,2531.304256,1,1,1
-74.49984412,33.76902266,-73.99984412,33.26902266,-74.24984412,33.51902266,2576.024522,1,1,1
-74.49984412,34.26902266,-73.99984412,33.76902266,-74.24984412,34.01902266,2561.31377,1,1,1
-75.49984412,34.76902266,-74.99984412,34.26902266,-75.24984412,34.51902266,2546.40669,1,1,1
-75.49984412,33.76902266,-74.99984412,33.26902266,-75.24984412,33.51902266,2576.024522,1,1,1
-75.49984412,34.26902266,-74.99984412,33.76902266,-75.24984412,34.01902266,2561.31377,1,1,1
-74.99984412,34.76902266,-74.49984412,34.26902266,-74.74984412,34.51902266,2546.40669,1,1,1
-74.99984412,35.26902266,-74.49984412,34.76902266,-74.74984412,35.01902266,2531.304256,1,1,1
-74.99984412,33.76902266,-74.49984412,33.26902266,-74.74984412,33.51902266,2576.024522,1,1,1
-74.99984412,34.26902266,-74.49984412,33.76902266,-74.74984412,34.01902266,2561.31377,1,1,1
-72.99984412,39.76902266,-72.49984412,39.26902266,-72.74984412,39.51902266,2386.760033,0,0,0
-72.99984412,40.26902266,-72.49984412,39.76902266,-72.74984412,40.01902266,2369.761136,0,0,0
-72.99984412,38.76902266,-72.49984412,38.26902266,-72.74984412,38.51902266,2420.202481,0,0,0
-72.99984412,39.26902266,-72.49984412,38.76902266,-72.74984412,39.01902266,2403.574192,0,0,0
-72.99984412,37.76902266,-72.49984412,37.26902266,-72.74984412,37.51902266,2452.89699,0,0,0
-72.99984412,38.26902266,-72.49984412,37.76902266,-72.74984412,38.01902266,2436.643781,0,0,0
-72.99984412,34.76902266,-72.49984412,34.26902266,-72.74984412,34.51902266,2546.40669,1,1,1
-72.99984412,34.26902266,-72.49984412,33.76902266,-72.74984412,34.01902266,2561.31377,1,1,1
-72.49984412,39.76902266,-71.99984412,39.26902266,-72.24984412,39.51902266,2386.760033,0,0,0
-72.49984412,40.26902266,-71.99984412,39.76902266,-72.24984412,40.01902266,2369.761136,0,0,0
-72.49984412,38.76902266,-71.99984412,38.26902266,-72.24984412,38.51902266,2420.202481,0,0,0
-72.49984412,39.26902266,-71.99984412,38.76902266,-72.24984412,39.01902266,2403.574192,0,0,0
-73.99984412,38.76902266,-73.49984412,38.26902266,-73.74984412,38.51902266,2420.202481,0,0,0
-73.99984412,39.26902266,-73.49984412,38.76902266,-73.74984412,39.01902266,2403.574192,0,0,0
-73.99984412,37.76902266,-73.49984412,37.26902266,-73.74984412,37.51902266,2452.89699,0,0,0
-73.99984412,38.26902266,-73.49984412,37.76902266,-73.74984412,38.01902266,2436.643781,0,0,0
-73.99984412,36.76902266,-73.49984412,36.26902266,-73.74984412,36.51902266,2484.834814,0,0,0
-73.99984412,37.26902266,-73.49984412,36.76902266,-73.74984412,37.01902266,2468.961024,0,0,0
-73.99984412,34.76902266,-73.49984412,34.26902266,-73.74984412,34.51902266,2546.40669,1,1,1
-73.99984412,33.76902266,-73.49984412,33.26902266,-73.74984412,33.51902266,2576.024522,1,1,1
-73.99984412,34.26902266,-73.49984412,33.76902266,-73.74984412,34.01902266,2561.31377,1,1,1
-73.49984412,39.76902266,-72.99984412,39.26902266,-73.24984412,39.51902266,2386.760033,0,0,0
-73.49984412,38.76902266,-72.99984412,38.26902266,-73.24984412,38.51902266,2420.202481,0,0,0
-73.49984412,39.26902266,-72.99984412,38.76902266,-73.24984412,39.01902266,2403.574192,0,0,0
-73.49984412,37.76902266,-72.99984412,37.26902266,-73.24984412,37.51902266,2452.89699,0,0,0
-73.49984412,38.26902266,-72.99984412,37.76902266,-73.24984412,38.01902266,2436.643781,0,0,0
-73.49984412,37.26902266,-72.99984412,36.76902266,-73.24984412,37.01902266,2468.961024,0,0,0
-73.49984412,34.76902266,-72.99984412,34.26902266,-73.24984412,34.51902266,2546.40669,1,1,1
-73.49984412,34.26902266,-72.99984412,33.76902266,-73.24984412,34.01902266,2561.31377,1,1,1
-70.99984412,41.76902266,-70.49984412,41.26902266,-70.74984412,41.51902266,2317.667593,0,0,0
-72.49984412,34.76902266,-71.99984412,34.26902266,-72.24984412,34.51902266,2546.40669,1,1,1
-72.49984412,35.26902266,-71.99984412,34.76902266,-72.24984412,35.01902266,2531.304256,1,1,1
-72.49984412,34.26902266,-71.99984412,33.76902266,-72.24984412,34.01902266,2561.31377,1,1,1
-71.99984412,38.76902266,-71.49984412,38.26902266,-71.74984412,38.51902266,2420.202481,1,1,1
-71.99984412,38.26902266,-71.49984412,37.76902266,-71.74984412,38.01902266,2436.643781,1,1,1
-71.99984412,34.76902266,-71.49984412,34.26902266,-71.74984412,34.51902266,2546.40669,1,1,1
-71.99984412,35.26902266,-71.49984412,34.76902266,-71.74984412,35.01902266,2531.304256,1,1,1
-71.99984412,34.26902266,-71.49984412,33.76902266,-71.74984412,34.01902266,2561.31377,1,1,1
-79.49984412,33.26902266,-78.99984412,32.76902266,-79.24984412,33.01902266,2590.537989,1,1,1
-79.99984412,33.26902266,-79.49984412,32.76902266,-79.74984412,33.01902266,2590.537989,1,1,1
-75.99984412,32.76902266,-75.49984412,32.26902266,-75.74984412,32.51902266,2604.853226,1,1,1
-75.99984412,32.26902266,-75.49984412,31.76902266,-75.74984412,32.01902266,2618.969308,1,1,1
-76.99984412,33.76902266,-76.49984412,33.26902266,-76.74984412,33.51902266,2576.024522,1,1,1
-76.99984412,34.26902266,-76.49984412,33.76902266,-76.74984412,34.01902266,2561.31377,1,1,1
-76.99984412,32.76902266,-76.49984412,32.26902266,-76.74984412,32.51902266,2604.853226,1,1,1
-76.99984412,33.26902266,-76.49984412,32.76902266,-76.74984412,33.01902266,2590.537989,1,1,1
-76.99984412,32.26902266,-76.49984412,31.76902266,-76.74984412,32.01902266,2618.969308,1,1,1
-76.49984412,32.76902266,-75.99984412,32.26902266,-76.24984412,32.51902266,2604.853226,1,1,1
-76.49984412,33.26902266,-75.99984412,32.76902266,-76.24984412,33.01902266,2590.537989,1,1,1
-76.49984412,32.26902266,-75.99984412,31.76902266,-76.24984412,32.01902266,2618.969308,1,1,1
-74.49984412,32.76902266,-73.99984412,32.26902266,-74.24984412,32.51902266,2604.853226,1,1,1
-74.49984412,33.26902266,-73.99984412,32.76902266,-74.24984412,33.01902266,2590.537989,1,1,1
-75.49984412,32.76902266,-74.99984412,32.26902266,-75.24984412,32.51902266,2604.853226,1,1,1
-75.49984412,33.26902266,-74.99984412,32.76902266,-75.24984412,33.01902266,2590.537989,1,1,1
-75.49984412,32.26902266,-74.99984412,31.76902266,-75.24984412,32.01902266,2618.969308,1,1,1
-74.99984412,32.76902266,-74.49984412,32.26902266,-74.74984412,32.51902266,2604.853226,1,1,1
-74.99984412,33.26902266,-74.49984412,32.76902266,-74.74984412,33.01902266,2590.537989,1,1,1
-72.99984412,33.76902266,-72.49984412,33.26902266,-72.74984412,33.51902266,2576.024522,1,1,1
-72.99984412,33.26902266,-72.49984412,32.76902266,-72.74984412,33.01902266,2590.537989,1,1,1
-73.99984412,32.76902266,-73.49984412,32.26902266,-73.74984412,32.51902266,2604.853226,1,1,1
-73.99984412,33.26902266,-73.49984412,32.76902266,-73.74984412,33.01902266,2590.537989,1,1,1
-73.49984412,33.76902266,-72.99984412,33.26902266,-73.24984412,33.51902266,2576.024522,1,1,1
-73.49984412,33.26902266,-72.99984412,32.76902266,-73.24984412,33.01902266,2590.537989,1,1,1
-77.49984412,33.76902266,-76.99984412,33.26902266,-77.24984412,33.51902266,2576.024522,1,1,1
-77.49984412,34.26902266,-76.99984412,33.76902266,-77.24984412,34.01902266,2561.31377,1,1,1
-77.49984412,32.76902266,-76.99984412,32.26902266,-77.24984412,32.51902266,2604.853226,1,1,1
-77.49984412,33.26902266,-76.99984412,32.76902266,-77.24984412,33.01902266,2590.537989,1,1,1
-77.49984412,32.26902266,-76.99984412,31.76902266,-77.24984412,32.01902266,2618.969308,1,1,1
-72.49984412,33.76902266,-71.99984412,33.26902266,-72.24984412,33.51902266,2576.024522,1,1,1
-78.49984412,32.76902266,-77.99984412,32.26902266,-78.24984412,32.51902266,2604.853226,1,1,1
-72.49984412,33.26902266,-71.99984412,32.76902266,-72.24984412,33.01902266,2590.537989,1,1,1
-78.49984412,32.26902266,-77.99984412,31.76902266,-78.24984412,32.01902266,2618.969308,1,1,1
-77.99984412,33.76902266,-77.49984412,33.26902266,-77.74984412,33.51902266,2576.024522,1,1,1
-71.99984412,33.76902266,-71.49984412,33.26902266,-71.74984412,33.51902266,2576.024522,1,1,1
-77.99984412,32.76902266,-77.49984412,32.26902266,-77.74984412,32.51902266,2604.853226,1,1,1
-77.99984412,33.26902266,-77.49984412,32.76902266,-77.74984412,33.01902266,2590.537989,1,1,1
-71.99984412,33.26902266,-71.49984412,32.76902266,-71.74984412,33.01902266,2590.537989,1,1,1
-77.99984412,32.26902266,-77.49984412,31.76902266,-77.74984412,32.01902266,2618.969308,1,1,1
-81.49984412,31.76902266,-80.99984412,31.26902266,-81.24984412,31.51902266,2632.885323,1,1,1
-76.99984412,31.76902266,-76.49984412,31.26902266,-76.74984412,31.51902266,2632.885323,1,1,1
-76.99984412,31.26902266,-76.49984412,30.76902266,-76.74984412,31.01902266,2646.600376,1,1,1
-76.49984412,31.76902266,-75.99984412,31.26902266,-76.24984412,31.51902266,2632.885323,1,1,1
-76.49984412,31.26902266,-75.99984412,30.76902266,-76.24984412,31.01902266,2646.600376,1,1,1
-74.49984412,32.26902266,-73.99984412,31.76902266,-74.24984412,32.01902266,2618.969308,1,1,1
-79.49984412,31.76902266,-78.99984412,31.26902266,-79.24984412,31.51902266,2632.885323,1,1,1
-79.49984412,32.26902266,-78.99984412,31.76902266,-79.24984412,32.01902266,2618.969308,1,1,1
-79.49984412,30.76902266,-78.99984412,30.26902266,-79.24984412,30.51902266,2660.113585,1,1,1
-79.49984412,31.26902266,-78.99984412,30.76902266,-79.24984412,31.01902266,2646.600376,1,1,1
-74.99984412,32.26902266,-74.49984412,31.76902266,-74.74984412,32.01902266,2618.969308,1,1,1
-78.99984412,32.76902266,-78.49984412,32.26902266,-78.74984412,32.51902266,2604.853226,1,1,1
-78.99984412,33.26902266,-78.49984412,32.76902266,-78.74984412,33.01902266,2590.537989,1,1,1
-78.99984412,31.76902266,-78.49984412,31.26902266,-78.74984412,31.51902266,2632.885323,1,1,1
-78.99984412,32.26902266,-78.49984412,31.76902266,-78.74984412,32.01902266,2618.969308,1,1,1
-78.99984412,30.76902266,-78.49984412,30.26902266,-78.74984412,30.51902266,2660.113585,1,1,1
-78.99984412,31.26902266,-78.49984412,30.76902266,-78.74984412,31.01902266,2646.600376,1,1,1
-79.99984412,32.76902266,-79.49984412,32.26902266,-79.74984412,32.51902266,2604.853226,1,1,1
-79.99984412,31.76902266,-79.49984412,31.26902266,-79.74984412,31.51902266,2632.885323,1,1,1
-79.99984412,32.26902266,-79.49984412,31.76902266,-79.74984412,32.01902266,2618.969308,1,1,1
-73.99984412,32.26902266,-73.49984412,31.76902266,-73.74984412,32.01902266,2618.969308,1,1,1
-79.49984412,32.76902266,-78.99984412,32.26902266,-79.24984412,32.51902266,2604.853226,1,1,1
-77.99984412,30.76902266,-77.49984412,30.26902266,-77.74984412,30.51902266,2660.113585,1,1,1
-77.99984412,31.26902266,-77.49984412,30.76902266,-77.74984412,31.01902266,2646.600376,1,1,1
-77.49984412,31.76902266,-76.99984412,31.26902266,-77.24984412,31.51902266,2632.885323,1,1,1
-77.49984412,31.26902266,-76.99984412,30.76902266,-77.24984412,31.01902266,2646.600376,1,1,1
-78.49984412,33.76902266,-77.99984412,33.26902266,-78.24984412,33.51902266,2576.024522,1,1,1
-78.49984412,33.26902266,-77.99984412,32.76902266,-78.24984412,33.01902266,2590.537989,1,1,1
-78.49984412,31.76902266,-77.99984412,31.26902266,-78.24984412,31.51902266,2632.885323,1,1,1
-78.49984412,30.76902266,-77.99984412,30.26902266,-78.24984412,30.51902266,2660.113585,1,1,1
-78.49984412,31.26902266,-77.99984412,30.76902266,-78.24984412,31.01902266,2646.600376,1,1,1
-77.99984412,34.76902266,-77.49984412,34.26902266,-77.74984412,34.51902266,2546.40669,1,1,1
-77.99984412,34.26902266,-77.49984412,33.76902266,-77.74984412,34.01902266,2561.31377,1,1,1
-77.99984412,31.76902266,-77.49984412,31.26902266,-77.74984412,31.51902266,2632.885323,1,1,1
-81.49984412,30.26902266,-80.99984412,29.76902266,-81.24984412,30.01902266,2673.424087,1,1,1
-75.99984412,30.76902266,-75.49984412,30.26902266,-75.74984412,30.51902266,2660.113585,1,1,1
-75.99984412,29.76902266,-75.49984412,29.26902266,-75.74984412,29.51902266,2686.531032,1,1,1
-75.99984412,30.26902266,-75.49984412,29.76902266,-75.74984412,30.01902266,2673.424087,1,1,1
-75.99984412,29.26902266,-75.49984412,28.76902266,-75.74984412,29.01902266,2699.433587,1,1,1
-76.99984412,30.76902266,-76.49984412,30.26902266,-76.74984412,30.51902266,2660.113585,1,1,1
-76.99984412,29.76902266,-76.49984412,29.26902266,-76.74984412,29.51902266,2686.531032,1,1,1
-76.99984412,30.26902266,-76.49984412,29.76902266,-76.74984412,30.01902266,2673.424087,1,1,1
-76.99984412,29.26902266,-76.49984412,28.76902266,-76.74984412,29.01902266,2699.433587,1,1,1
-80.99984412,31.76902266,-80.49984412,31.26902266,-80.74984412,31.51902266,2632.885323,1,1,1
-80.99984412,32.26902266,-80.49984412,31.76902266,-80.74984412,32.01902266,2618.969308,1,1,1
-80.99984412,30.76902266,-80.49984412,30.26902266,-80.74984412,30.51902266,2660.113585,1,1,1
-80.99984412,31.26902266,-80.49984412,30.76902266,-80.74984412,31.01902266,2646.600376,1,1,1
-76.49984412,30.76902266,-75.99984412,30.26902266,-76.24984412,30.51902266,2660.113585,1,1,1
-80.49984412,32.76902266,-79.99984412,32.26902266,-80.24984412,32.51902266,2604.853226,1,1,1
-80.49984412,31.76902266,-79.99984412,31.26902266,-80.24984412,31.51902266,2632.885323,1,1,1
-80.49984412,32.26902266,-79.99984412,31.76902266,-80.24984412,32.01902266,2618.969308,1,1,1
-80.49984412,30.76902266,-79.99984412,30.26902266,-80.24984412,30.51902266,2660.113585,1,1,1
-80.49984412,31.26902266,-79.99984412,30.76902266,-80.24984412,31.01902266,2646.600376,1,1,1
-80.49984412,30.26902266,-79.99984412,29.76902266,-80.24984412,30.01902266,2673.424087,1,1,1
-81.49984412,30.76902266,-80.99984412,30.26902266,-81.24984412,30.51902266,2660.113585,1,1,1
-81.49984412,31.26902266,-80.99984412,30.76902266,-81.24984412,31.01902266,2646.600376,1,1,1
-79.49984412,29.76902266,-78.99984412,29.26902266,-79.24984412,29.51902266,2686.531032,1,1,1
-79.49984412,30.26902266,-78.99984412,29.76902266,-79.24984412,30.01902266,2673.424087,1,1,1
-79.49984412,29.26902266,-78.99984412,28.76902266,-79.24984412,29.01902266,2699.433587,1,1,1
-78.99984412,29.76902266,-78.49984412,29.26902266,-78.74984412,29.51902266,2686.531032,1,1,1
-78.99984412,30.26902266,-78.49984412,29.76902266,-78.74984412,30.01902266,2673.424087,1,1,1
-78.99984412,29.26902266,-78.49984412,28.76902266,-78.74984412,29.01902266,2699.433587,1,1,1
-79.99984412,30.76902266,-79.49984412,30.26902266,-79.74984412,30.51902266,2660.113585,1,1,1
-79.99984412,31.26902266,-79.49984412,30.76902266,-79.74984412,31.01902266,2646.600376,1,1,1
-79.99984412,29.76902266,-79.49984412,29.26902266,-79.74984412,29.51902266,2686.531032,1,1,1
-79.99984412,30.26902266,-79.49984412,29.76902266,-79.74984412,30.01902266,2673.424087,1,1,1
-77.99984412,29.76902266,-77.49984412,29.26902266,-77.74984412,29.51902266,2686.531032,1,1,1
-77.99984412,30.26902266,-77.49984412,29.76902266,-77.74984412,30.01902266,2673.424087,1,1,1
-77.99984412,29.26902266,-77.49984412,28.76902266,-77.74984412,29.01902266,2699.433587,1,1,1
-77.49984412,30.76902266,-76.99984412,30.26902266,-77.24984412,30.51902266,2660.113585,1,1,1
-77.49984412,29.76902266,-76.99984412,29.26902266,-77.24984412,29.51902266,2686.531032,1,1,1
-77.49984412,30.26902266,-76.99984412,29.76902266,-77.24984412,30.01902266,2673.424087,1,1,1
-77.49984412,29.26902266,-76.99984412,28.76902266,-77.24984412,29.01902266,2699.433587,1,1,1
-78.49984412,29.76902266,-77.99984412,29.26902266,-78.24984412,29.51902266,2686.531032,1,1,1
-78.49984412,30.26902266,-77.99984412,29.76902266,-78.24984412,30.01902266,2673.424087,1,1,1
-78.49984412,29.26902266,-77.99984412,28.76902266,-78.24984412,29.01902266,2699.433587,1,1,1
-76.49984412,29.76902266,-75.99984412,29.26902266,-76.24984412,29.51902266,2686.531032,1,1,1
-76.49984412,30.26902266,-75.99984412,29.76902266,-76.24984412,30.01902266,2673.424087,1,1,1
-76.49984412,29.26902266,-75.99984412,28.76902266,-76.24984412,29.01902266,2699.433587,1,1,1
-80.99984412,29.76902266,-80.49984412,29.26902266,-80.74984412,29.51902266,2686.531032,1,1,1
-80.99984412,29.26902266,-80.49984412,28.76902266,-80.74984412,29.01902266,2699.433587,1,1,1
-81.49984412,29.76902266,-80.99984412,29.26902266,-81.24984412,29.51902266,2686.531032,1,1,1
-80.99984412,28.76902266,-80.49984412,28.26902266,-80.74984412,28.51902266,2712.130933,1,1,1
-80.49984412,28.76902266,-79.99984412,28.26902266,-80.24984412,28.51902266,2712.130933,1,1,1
-75.99984412,28.76902266,-75.49984412,28.26902266,-75.74984412,28.51902266,2712.130933,1,1,1
-76.99984412,28.76902266,-76.49984412,28.26902266,-76.74984412,28.51902266,2712.130933,1,1,1
-80.99984412,30.26902266,-80.49984412,29.76902266,-80.74984412,30.01902266,2673.424087,1,1,1
-80.49984412,29.76902266,-79.99984412,29.26902266,-80.24984412,29.51902266,2686.531032,1,1,1
-80.49984412,29.26902266,-79.99984412,28.76902266,-80.24984412,29.01902266,2699.433587,1,1,1
-80.49984412,28.26902266,-79.99984412,27.76902266,-80.24984412,28.01902266,2724.622268,1,1,1
-79.49984412,28.76902266,-78.99984412,28.26902266,-79.24984412,28.51902266,2712.130933,1,1,1
-79.49984412,27.76902266,-78.99984412,27.26902266,-79.24984412,27.51902266,2736.906803,1,1,1
-79.49984412,28.26902266,-78.99984412,27.76902266,-79.24984412,28.01902266,2724.622268,1,1,1
-78.99984412,28.76902266,-78.49984412,28.26902266,-78.74984412,28.51902266,2712.130933,1,1,1
-79.99984412,28.76902266,-79.49984412,28.26902266,-79.74984412,28.51902266,2712.130933,1,1,1
-79.99984412,29.26902266,-79.49984412,28.76902266,-79.74984412,29.01902266,2699.433587,1,1,1
-79.99984412,27.76902266,-79.49984412,27.26902266,-79.74984412,27.51902266,2736.906803,1,1,1
-79.99984412,28.26902266,-79.49984412,27.76902266,-79.74984412,28.01902266,2724.622268,1,1,1
-77.99984412,28.76902266,-77.49984412,28.26902266,-77.74984412,28.51902266,2712.130933,1,1,1
-77.49984412,28.76902266,-76.99984412,28.26902266,-77.24984412,28.51902266,2712.130933,1,1,1
-78.49984412,28.76902266,-77.99984412,28.26902266,-78.24984412,28.51902266,2712.130933,1,1,1
-76.49984412,28.76902266,-75.99984412,28.26902266,-76.24984412,28.51902266,2712.130933,1,1,1
-82.99984412,24.76902266,-82.49984412,24.26902266,-82.74984412,24.51902266,2806.229022,1,1,1
-82.49984412,24.76902266,-81.99984412,24.26902266,-82.24984412,24.51902266,2806.229022,1,1,1
-81.99984412,24.76902266,-81.49984412,24.26902266,-81.74984412,24.51902266,2806.229022,1,1,1
-80.99984412,28.26902266,-80.49984412,27.76902266,-80.74984412,28.01902266,2724.622268,1,1,1
-80.99984412,24.76902266,-80.49984412,24.26902266,-80.74984412,24.51902266,2806.229022,1,1,1
-80.99984412,25.26902266,-80.49984412,24.76902266,-80.74984412,25.01902266,2795.200977,1,1,1
-80.49984412,27.76902266,-79.99984412,27.26902266,-80.24984412,27.51902266,2736.906803,1,1,1
-80.49984412,26.76902266,-79.99984412,26.26902266,-80.24984412,26.51902266,2760.852399,1,1,1
-80.49984412,27.26902266,-79.99984412,26.76902266,-80.24984412,27.01902266,2748.983766,1,1,1
-80.49984412,25.76902266,-79.99984412,25.26902266,-80.24984412,25.51902266,2783.961725,1,1,1
-80.49984412,26.26902266,-79.99984412,25.76902266,-80.24984412,26.01902266,2772.511961,1,1,1
-80.49984412,24.76902266,-79.99984412,24.26902266,-80.24984412,24.51902266,2806.229022,1,1,1
-80.49984412,25.26902266,-79.99984412,24.76902266,-80.24984412,25.01902266,2795.200977,1,1,1
-81.49984412,24.76902266,-80.99984412,24.26902266,-81.24984412,24.51902266,2806.229022,1,1,1
-79.49984412,26.76902266,-78.99984412,26.26902266,-79.24984412,26.51902266,2760.852399,1,1,1
-79.99984412,26.76902266,-79.49984412,26.26902266,-79.74984412,26.51902266,2760.852399,1,1,1
-79.99984412,27.26902266,-79.49984412,26.76902266,-79.74984412,27.01902266,2748.983766,1,1,1
-79.99984412,25.76902266,-79.49984412,25.26902266,-79.74984412,25.51902266,2783.961725,1,1,1
-79.99984412,26.26902266,-79.49984412,25.76902266,-79.74984412,26.01902266,2772.511961,1,1,1
-79.99984412,24.76902266,-79.49984412,24.26902266,-79.74984412,24.51902266,2806.229022,1,1,1
-79.99984412,25.26902266,-79.49984412,24.76902266,-79.74984412,25.01902266,2795.200977,1,1,1
-82.49984412,24.26902266,-81.99984412,23.76902266,-82.24984412,24.01902266,2817.045177,1,1,1
-82.99984412,24.26902266,-82.49984412,23.76902266,-82.74984412,24.01902266,2817.045177,1,1,1
-81.99984412,24.26902266,-81.49984412,23.76902266,-81.74984412,24.01902266,2817.045177,1,1,1
-80.99984412,24.26902266,-80.49984412,23.76902266,-80.74984412,24.01902266,2817.045177,1,1,1
-81.49984412,24.26902266,-80.99984412,23.76902266,-81.24984412,24.01902266,2817.045177,1,1,1
-69.99984412,39.76902266,-69.49984412,39.26902266,-69.74984412,39.51902266,2386.760033,1,1,1
-69.99984412,38.76902266,-69.49984412,38.26902266,-69.74984412,38.51902266,2420.202481,1,1,1
-69.99984412,39.26902266,-69.49984412,38.76902266,-69.74984412,39.01902266,2403.574192,1,1,1
-69.99984412,37.76902266,-69.49984412,37.26902266,-69.74984412,37.51902266,2452.89699,1,1,1
-69.99984412,38.26902266,-69.49984412,37.76902266,-69.74984412,38.01902266,2436.643781,1,1,1
-69.99984412,37.26902266,-69.49984412,36.76902266,-69.74984412,37.01902266,2468.961024,1,1,1
-75.99984412,31.76902266,-75.49984412,31.26902266,-75.74984412,31.51902266,2632.885323,1,1,1
-75.99984412,31.26902266,-75.49984412,30.76902266,-75.74984412,31.01902266,2646.600376,1,1,1
-69.49984412,39.76902266,-68.99984412,39.26902266,-69.24984412,39.51902266,2386.760033,1,1,1
-69.49984412,38.76902266,-68.99984412,38.26902266,-69.24984412,38.51902266,2420.202481,1,1,1
-69.49984412,39.26902266,-68.99984412,38.76902266,-69.24984412,39.01902266,2403.574192,1,1,1
-69.49984412,37.76902266,-68.99984412,37.26902266,-69.24984412,37.51902266,2452.89699,1,1,1
-69.49984412,38.26902266,-68.99984412,37.76902266,-69.24984412,38.01902266,2436.643781,1,1,1
-69.49984412,37.26902266,-68.99984412,36.76902266,-69.24984412,37.01902266,2468.961024,1,1,1
-70.99984412,36.76902266,-70.49984412,36.26902266,-70.74984412,36.51902266,2484.834814,1,1,1
-70.99984412,37.26902266,-70.49984412,36.76902266,-70.74984412,37.01902266,2468.961024,1,1,1
-70.99984412,35.76902266,-70.49984412,35.26902266,-70.74984412,35.51902266,2516.007459,1,1,1
-70.99984412,36.26902266,-70.49984412,35.76902266,-70.74984412,36.01902266,2500.517304,1,1,1
-70.99984412,34.76902266,-70.49984412,34.26902266,-70.74984412,34.51902266,2546.40669,1,1,1
-70.99984412,35.26902266,-70.49984412,34.76902266,-70.74984412,35.01902266,2531.304256,1,1,1
-70.99984412,33.76902266,-70.49984412,33.26902266,-70.74984412,33.51902266,2576.024522,1,1,1
-70.99984412,34.26902266,-70.49984412,33.76902266,-70.74984412,34.01902266,2561.31377,1,1,1
-70.99984412,33.26902266,-70.49984412,32.76902266,-70.74984412,33.01902266,2590.537989,1,1,1
-64.49984412,39.76902266,-63.99984412,39.26902266,-64.24984412,39.51902266,2386.760033,1,1,1
-64.49984412,40.26902266,-63.99984412,39.76902266,-64.24984412,40.01902266,2369.761136,1,1,1
-70.49984412,38.76902266,-69.99984412,38.26902266,-70.24984412,38.51902266,2420.202481,1,1,1
-64.49984412,39.26902266,-63.99984412,38.76902266,-64.24984412,39.01902266,2403.574192,1,1,1
-70.49984412,37.76902266,-69.99984412,37.26902266,-70.24984412,37.51902266,2452.89699,1,1,1
-70.49984412,38.26902266,-69.99984412,37.76902266,-70.24984412,38.01902266,2436.643781,1,1,1
-70.49984412,36.76902266,-69.99984412,36.26902266,-70.24984412,36.51902266,2484.834814,1,1,1
-70.49984412,37.26902266,-69.99984412,36.76902266,-70.24984412,37.01902266,2468.961024,1,1,1
-70.49984412,35.76902266,-69.99984412,35.26902266,-70.24984412,35.51902266,2516.007459,1,1,1
-70.49984412,36.26902266,-69.99984412,35.76902266,-70.24984412,36.01902266,2500.517304,1,1,1
-70.49984412,34.76902266,-69.99984412,34.26902266,-70.24984412,34.51902266,2546.40669,1,1,1
-70.49984412,35.26902266,-69.99984412,34.76902266,-70.24984412,35.01902266,2531.304256,1,1,1
-70.49984412,33.76902266,-69.99984412,33.26902266,-70.24984412,33.51902266,2576.024522,1,1,1
-70.49984412,34.26902266,-69.99984412,33.76902266,-70.24984412,34.01902266,2561.31377,1,1,1
-70.49984412,33.26902266,-69.99984412,32.76902266,-70.24984412,33.01902266,2590.537989,1,1,1
-68.49984412,39.76902266,-67.99984412,39.26902266,-68.24984412,39.51902266,2386.760033,1,1,1
-68.49984412,38.76902266,-67.99984412,38.26902266,-68.24984412,38.51902266,2420.202481,1,1,1
-68.49984412,39.26902266,-67.99984412,38.76902266,-68.24984412,39.01902266,2403.574192,1,1,1
-68.49984412,37.76902266,-67.99984412,37.26902266,-68.24984412,37.51902266,2452.89699,1,1,1
-68.49984412,38.26902266,-67.99984412,37.76902266,-68.24984412,38.01902266,2436.643781,1,1,1
-68.49984412,37.26902266,-67.99984412,36.76902266,-68.24984412,37.01902266,2468.961024,1,1,1
-74.49984412,31.76902266,-73.99984412,31.26902266,-74.24984412,31.51902266,2632.885323,1,1,1
-74.49984412,30.76902266,-73.99984412,30.26902266,-74.24984412,30.51902266,2660.113585,1,1,1
-74.49984412,31.26902266,-73.99984412,30.76902266,-74.24984412,31.01902266,2646.600376,1,1,1
-74.49984412,30.26902266,-73.99984412,29.76902266,-74.24984412,30.01902266,2673.424087,1,1,1
-67.99984412,39.76902266,-67.49984412,39.26902266,-67.74984412,39.51902266,2386.760033,1,1,1
-67.99984412,38.76902266,-67.49984412,38.26902266,-67.74984412,38.51902266,2420.202481,1,1,1
-67.99984412,39.26902266,-67.49984412,38.76902266,-67.74984412,39.01902266,2403.574192,1,1,1
-67.99984412,37.76902266,-67.49984412,37.26902266,-67.74984412,37.51902266,2452.89699,1,1,1
-67.99984412,38.26902266,-67.49984412,37.76902266,-67.74984412,38.01902266,2436.643781,1,1,1
-67.99984412,37.26902266,-67.49984412,36.76902266,-67.74984412,37.01902266,2468.961024,1,1,1
-75.49984412,31.76902266,-74.99984412,31.26902266,-75.24984412,31.51902266,2632.885323,1,1,1
-75.49984412,30.76902266,-74.99984412,30.26902266,-75.24984412,30.51902266,2660.113585,1,1,1
-75.49984412,31.26902266,-74.99984412,30.76902266,-75.24984412,31.01902266,2646.600376,1,1,1
-75.49984412,30.26902266,-74.99984412,29.76902266,-75.24984412,30.01902266,2673.424087,1,1,1
-68.99984412,39.76902266,-68.49984412,39.26902266,-68.74984412,39.51902266,2386.760033,1,1,1
-68.99984412,38.76902266,-68.49984412,38.26902266,-68.74984412,38.51902266,2420.202481,1,1,1
-68.99984412,39.26902266,-68.49984412,38.76902266,-68.74984412,39.01902266,2403.574192,1,1,1
-68.99984412,37.76902266,-68.49984412,37.26902266,-68.74984412,37.51902266,2452.89699,1,1,1
-68.99984412,38.26902266,-68.49984412,37.76902266,-68.74984412,38.01902266,2436.643781,1,1,1
-68.99984412,37.26902266,-68.49984412,36.76902266,-68.74984412,37.01902266,2468.961024,1,1,1
-74.99984412,31.76902266,-74.49984412,31.26902266,-74.74984412,31.51902266,2632.885323,1,1,1
-74.99984412,30.76902266,-74.49984412,30.26902266,-74.74984412,30.51902266,2660.113585,1,1,1
-74.99984412,31.26902266,-74.49984412,30.76902266,-74.74984412,31.01902266,2646.600376,1,1,1
-74.99984412,30.26902266,-74.49984412,29.76902266,-74.74984412,30.01902266,2673.424087,1,1,1
-66.99984412,41.76902266,-66.49984412,41.26902266,-66.74984412,41.51902266,2317.667593,1,1,1
-66.99984412,42.26902266,-66.49984412,41.76902266,-66.74984412,42.01902266,2299.941401,1,1,1
-66.99984412,40.76902266,-66.49984412,40.26902266,-66.74984412,40.51902266,2352.57865,1,1,1
-66.99984412,41.26902266,-66.49984412,40.76902266,-66.74984412,41.01902266,2335.213742,1,1,1
-66.99984412,39.76902266,-66.49984412,39.26902266,-66.74984412,39.51902266,2386.760033,1,1,1
-66.99984412,40.26902266,-66.49984412,39.76902266,-66.74984412,40.01902266,2369.761136,1,1,1
-66.99984412,38.76902266,-66.49984412,38.26902266,-66.74984412,38.51902266,2420.202481,1,1,1
-66.99984412,39.26902266,-66.49984412,38.76902266,-66.74984412,39.01902266,2403.574192,1,1,1
-66.99984412,38.26902266,-66.49984412,37.76902266,-66.74984412,38.01902266,2436.643781,1,1,1
-72.99984412,32.76902266,-72.49984412,32.26902266,-72.74984412,32.51902266,2604.853226,1,1,1
-72.99984412,31.76902266,-72.49984412,31.26902266,-72.74984412,31.51902266,2632.885323,1,1,1
-72.99984412,32.26902266,-72.49984412,31.76902266,-72.74984412,32.01902266,2618.969308,1,1,1
-72.99984412,31.26902266,-72.49984412,30.76902266,-72.74984412,31.01902266,2646.600376,1,1,1
-66.49984412,41.76902266,-65.99984412,41.26902266,-66.24984412,41.51902266,2317.667593,1,1,1
-66.49984412,40.76902266,-65.99984412,40.26902266,-66.24984412,40.51902266,2352.57865,1,1,1
-66.49984412,41.26902266,-65.99984412,40.76902266,-66.24984412,41.01902266,2335.213742,1,1,1
-66.49984412,39.76902266,-65.99984412,39.26902266,-66.24984412,39.51902266,2386.760033,1,1,1
-66.49984412,40.26902266,-65.99984412,39.76902266,-66.24984412,40.01902266,2369.761136,1,1,1
-66.49984412,38.76902266,-65.99984412,38.26902266,-66.24984412,38.51902266,2420.202481,1,1,1
-66.49984412,39.26902266,-65.99984412,38.76902266,-66.24984412,39.01902266,2403.574192,1,1,1
-66.49984412,38.26902266,-65.99984412,37.76902266,-66.24984412,38.01902266,2436.643781,1,1,1
-73.99984412,31.76902266,-73.49984412,31.26902266,-73.74984412,31.51902266,2632.885323,1,1,1
-73.99984412,30.76902266,-73.49984412,30.26902266,-73.74984412,30.51902266,2660.113585,1,1,1
-73.99984412,31.26902266,-73.49984412,30.76902266,-73.74984412,31.01902266,2646.600376,1,1,1
-67.49984412,42.76902266,-66.99984412,42.26902266,-67.24984412,42.51902266,2282.03638,1,1,1
-67.49984412,41.76902266,-66.99984412,41.26902266,-67.24984412,41.51902266,2317.667593,1,1,1
-67.49984412,42.26902266,-66.99984412,41.76902266,-67.24984412,42.01902266,2299.941401,1,1,1
-67.49984412,40.76902266,-66.99984412,40.26902266,-67.24984412,40.51902266,2352.57865,1,1,1
-67.49984412,41.26902266,-66.99984412,40.76902266,-67.24984412,41.01902266,2335.213742,1,1,1
-67.49984412,39.76902266,-66.99984412,39.26902266,-67.24984412,39.51902266,2386.760033,1,1,1
-67.49984412,40.26902266,-66.99984412,39.76902266,-67.24984412,40.01902266,2369.761136,1,1,1
-67.49984412,38.76902266,-66.99984412,38.26902266,-67.24984412,38.51902266,2420.202481,1,1,1
-67.49984412,39.26902266,-66.99984412,38.76902266,-67.24984412,39.01902266,2403.574192,1,1,1
-67.49984412,38.26902266,-66.99984412,37.76902266,-67.24984412,38.01902266,2436.643781,1,1,1
-73.49984412,32.76902266,-72.99984412,32.26902266,-73.24984412,32.51902266,2604.853226,1,1,1
-73.49984412,31.76902266,-72.99984412,31.26902266,-73.24984412,31.51902266,2632.885323,1,1,1
-73.49984412,32.26902266,-72.99984412,31.76902266,-73.24984412,32.01902266,2618.969308,1,1,1
-73.49984412,31.26902266,-72.99984412,30.76902266,-73.24984412,31.01902266,2646.600376,1,1,1
-65.49984412,39.76902266,-64.99984412,39.26902266,-65.24984412,39.51902266,2386.760033,1,1,1
-65.49984412,40.26902266,-64.99984412,39.76902266,-65.24984412,40.01902266,2369.761136,1,1,1
-71.49984412,38.76902266,-70.99984412,38.26902266,-71.24984412,38.51902266,2420.202481,1,1,1
-65.49984412,39.26902266,-64.99984412,38.76902266,-65.24984412,39.01902266,2403.574192,1,1,1
-71.49984412,37.76902266,-70.99984412,37.26902266,-71.24984412,37.51902266,2452.89699,1,1,1
-71.49984412,38.26902266,-70.99984412,37.76902266,-71.24984412,38.01902266,2436.643781,1,1,1
-71.49984412,36.76902266,-70.99984412,36.26902266,-71.24984412,36.51902266,2484.834814,1,1,1
-71.49984412,37.26902266,-70.99984412,36.76902266,-71.24984412,37.01902266,2468.961024,1,1,1
-71.49984412,35.76902266,-70.99984412,35.26902266,-71.24984412,35.51902266,2516.007459,1,1,1
-71.49984412,36.26902266,-70.99984412,35.76902266,-71.24984412,36.01902266,2500.517304,1,1,1
-71.49984412,34.76902266,-70.99984412,34.26902266,-71.24984412,34.51902266,2546.40669,1,1,1
-71.49984412,35.26902266,-70.99984412,34.76902266,-71.24984412,35.01902266,2531.304256,1,1,1
-71.49984412,33.76902266,-70.99984412,33.26902266,-71.24984412,33.51902266,2576.024522,1,1,1
-71.49984412,34.26902266,-70.99984412,33.76902266,-71.24984412,34.01902266,2561.31377,1,1,1
-71.49984412,33.26902266,-70.99984412,32.76902266,-71.24984412,33.01902266,2590.537989,1,1,1
-64.99984412,39.76902266,-64.49984412,39.26902266,-64.74984412,39.51902266,2386.760033,1,1,1
-64.99984412,40.26902266,-64.49984412,39.76902266,-64.74984412,40.01902266,2369.761136,1,1,1
-70.99984412,38.76902266,-70.49984412,38.26902266,-70.74984412,38.51902266,2420.202481,1,1,1
-64.99984412,39.26902266,-64.49984412,38.76902266,-64.74984412,39.01902266,2403.574192,1,1,1
-70.99984412,37.76902266,-70.49984412,37.26902266,-70.74984412,37.51902266,2452.89699,1,1,1
-70.99984412,38.26902266,-70.49984412,37.76902266,-70.74984412,38.01902266,2436.643781,1,1,1
-72.49984412,32.76902266,-71.99984412,32.26902266,-72.24984412,32.51902266,2604.853226,1,1,1
-72.49984412,31.76902266,-71.99984412,31.26902266,-72.24984412,31.51902266,2632.885323,1,1,1
-72.49984412,32.26902266,-71.99984412,31.76902266,-72.24984412,32.01902266,2618.969308,1,1,1
-72.49984412,31.26902266,-71.99984412,30.76902266,-72.24984412,31.01902266,2646.600376,1,1,1
-65.99984412,40.76902266,-65.49984412,40.26902266,-65.74984412,40.51902266,2352.57865,1,1,1
-65.99984412,41.26902266,-65.49984412,40.76902266,-65.74984412,41.01902266,2335.213742,1,1,1
-65.99984412,39.76902266,-65.49984412,39.26902266,-65.74984412,39.51902266,2386.760033,1,1,1
-65.99984412,40.26902266,-65.49984412,39.76902266,-65.74984412,40.01902266,2369.761136,1,1,1
-65.99984412,39.26902266,-65.49984412,38.76902266,-65.74984412,39.01902266,2403.574192,1,1,1
