"Jan","Feb","Mar","Apr","May","Jun","Jul","Aug","Sep","Oct","Nov","Dec"
NA,NA,NA,NA,0,0,0,0,0,NA,NA,NA
NA,NA,NA,NA,0,0,0.0103092783505155,0.0454545454545455,0,NA,NA,NA
NA,NA,NA,NA,0,0,0,0.136363636363636,0,NA,NA,NA
NA,NA,NA,NA,0,0,0,0.454545454545455,0,NA,NA,NA
NA,NA,NA,NA,0,0,0,0,0,NA,NA,NA
NA,NA,NA,NA,0,0,0,0,0,NA,NA,NA
NA,NA,NA,NA,0,0,0,0,0,NA,NA,NA
NA,NA,NA,NA,0,0,0.0103092783505155,0,0,NA,NA,NA
NA,NA,NA,NA,0,0,0,0,0,NA,NA,NA
NA,NA,NA,NA,0,0,0.0103092783505155,0.0454545454545455,0,NA,NA,NA
NA,NA,NA,NA,0,0,0.0103092783505155,0,0,NA,NA,NA
NA,NA,NA,NA,0,0,0,0,0,NA,NA,NA
NA,NA,NA,NA,0,0,0,0.0909090909090909,0,NA,NA,NA
NA,NA,NA,NA,0,0,0,0,0,NA,NA,NA
NA,NA,NA,NA,0,0,0,0,0,NA,NA,NA
NA,NA,NA,NA,0,0,0,0,0,NA,NA,NA
NA,NA,NA,NA,0,0,0,0,0,NA,NA,NA
NA,NA,NA,NA,0,0,0,0,0,NA,NA,NA
NA,NA,NA,NA,0,0,0.0412371134020619,0,0,NA,NA,NA
NA,NA,NA,NA,0,0,0,0.272727272727273,0,NA,NA,NA
NA,NA,NA,NA,0,0,0.0515463917525773,0,0,NA,NA,NA
NA,NA,NA,NA,0,0,0,0.409090909090909,0,NA,NA,NA
NA,NA,NA,NA,0,0.102040816326531,0.0103092783505155,0,0,NA,NA,NA
NA,NA,NA,NA,0,0,0,0,0,NA,NA,NA
NA,NA,NA,NA,0,0,0,0.545454545454545,0,NA,NA,NA
NA,NA,NA,NA,0,0,0,0.0909090909090909,0,NA,NA,NA
NA,NA,NA,NA,0,0,0.0103092783505155,0,0,NA,NA,NA
NA,NA,NA,NA,0,0,0,0.0909090909090909,0,NA,NA,NA
NA,NA,NA,NA,0,0,0,0,0,NA,NA,NA
NA,NA,NA,NA,0,0,0,0,0,NA,NA,NA
NA,NA,NA,NA,0,0,0.0103092783505155,0.318181818181818,0,NA,NA,NA
NA,NA,NA,NA,0,0,0,0,0,NA,NA,NA
NA,NA,NA,NA,0,0,0,0,0,NA,NA,NA
NA,NA,NA,NA,0,0,0,0,0,NA,NA,NA
NA,NA,NA,NA,0,0,0,0.181818181818182,0,NA,NA,NA
NA,NA,NA,NA,0,0,0,0,0,NA,NA,NA
NA,NA,NA,NA,0,0,0,0,0,NA,NA,NA
NA,NA,NA,NA,0,0,0,0,0,NA,NA,NA
NA,NA,NA,NA,0,0,0,0.0454545454545455,0,NA,NA,NA
NA,NA,NA,NA,0,0,0,0.5,0,NA,NA,NA
NA,NA,NA,NA,0,0,0,0,0,NA,NA,NA
NA,NA,NA,NA,0,0,0.0515463917525773,0,0,NA,NA,NA
NA,NA,NA,NA,0,0,0.0103092783505155,0,0,NA,NA,NA
NA,NA,NA,NA,0,0,0,0,0,NA,NA,NA
NA,NA,NA,NA,0,0,0,0,0,NA,NA,NA
NA,NA,NA,NA,0,0,0,0,0,NA,NA,NA
NA,NA,NA,NA,0,0,0.0103092783505155,0,0,NA,NA,NA
NA,NA,NA,NA,0,0,0.0103092783505155,0,0,NA,NA,NA
NA,NA,NA,NA,0,0,0,0.0909090909090909,0,NA,NA,NA
NA,NA,NA,NA,0,0,0,0.0909090909090909,0,NA,NA,NA
NA,NA,NA,NA,0,0,0,0,0,NA,NA,NA
NA,NA,NA,NA,0,0,0,0,0,NA,NA,NA
NA,NA,NA,NA,0,0,0.0103092783505155,0,0,NA,NA,NA
NA,NA,NA,NA,0,0,0,0,0,NA,NA,NA
NA,NA,NA,NA,0,0,0.0103092783505155,0.227272727272727,0,NA,NA,NA
NA,NA,NA,NA,0,0,0,0.0909090909090909,0,NA,NA,NA
NA,NA,NA,NA,0,0,0.0206185567010309,0,0,NA,NA,NA
NA,NA,NA,NA,0,0,0.0309278350515464,0.318181818181818,0,NA,NA,NA
NA,NA,NA,NA,0,0,0.0206185567010309,0,0,NA,NA,NA
NA,NA,NA,NA,0,0.0204081632653061,0,0,0,NA,NA,NA
NA,NA,NA,NA,0,0,0,0.681818181818182,0,NA,NA,NA
NA,NA,NA,NA,0,0,0,0.136363636363636,0,NA,NA,NA
NA,NA,NA,NA,0,0,0,0,0,NA,NA,NA
NA,NA,NA,NA,0,0,0,0,0,NA,NA,NA
NA,NA,NA,NA,0,0,0,0,0,NA,NA,NA
NA,NA,NA,NA,0,0,0,0,0,NA,NA,NA
NA,NA,NA,NA,0,0,0,0,0,NA,NA,NA
NA,NA,NA,NA,0,0,0,0,0,NA,NA,NA
NA,NA,NA,NA,0,0,0,0,0,NA,NA,NA
NA,NA,NA,NA,0,0,0,0.318181818181818,0,NA,NA,NA
NA,NA,NA,NA,0,0,0.0103092783505155,0,0,NA,NA,NA
NA,NA,NA,NA,0,0,0,0.363636363636364,0,NA,NA,NA
NA,NA,NA,NA,0,0,0,0.0909090909090909,0,NA,NA,NA
NA,NA,NA,NA,0,0,0,0,0,NA,NA,NA
NA,NA,NA,NA,0,0,0.0103092783505155,0,0,NA,NA,NA
NA,NA,NA,NA,0,0,0,0,0,NA,NA,NA
NA,NA,NA,NA,0,0,0.0103092783505155,0,0,NA,NA,NA
NA,NA,NA,NA,0,0,0.0103092783505155,0,0,NA,NA,NA
NA,NA,NA,NA,0,0,0.0103092783505155,0,0,NA,NA,NA
NA,NA,NA,NA,0,0,0.0103092783505155,0,0,NA,NA,NA
NA,NA,NA,NA,0,0,0,0.0909090909090909,0,NA,NA,NA
NA,NA,NA,NA,0,0,0,0.136363636363636,0,NA,NA,NA
NA,NA,NA,NA,0,0,0,0.0454545454545455,0,NA,NA,NA
NA,NA,NA,NA,0,0,0,0,0,NA,NA,NA
NA,NA,NA,NA,0,0,0,0,0,NA,NA,NA
NA,NA,NA,NA,0,0,0.0103092783505155,0,0,NA,NA,NA
NA,NA,NA,NA,0,0,0.0103092783505155,0,0,NA,NA,NA
NA,NA,NA,NA,0,0.0204081632653061,0.0618556701030928,0,0,NA,NA,NA
NA,NA,NA,NA,0,0,0,0,0,NA,NA,NA
NA,NA,NA,NA,0,0,0,0,0,NA,NA,NA
NA,NA,NA,NA,0,0,0,0,0,NA,NA,NA
NA,NA,NA,NA,0,0,0.0309278350515464,0,0,NA,NA,NA
NA,NA,NA,NA,0,0,0,0,0,NA,NA,NA
NA,NA,NA,NA,0,0,0.0309278350515464,0,0,NA,NA,NA
NA,NA,NA,NA,0,0,0,0,0,NA,NA,NA
NA,NA,NA,NA,0,0,0.0103092783505155,0,0,NA,NA,NA
NA,NA,NA,NA,0,0,0,0,0,NA,NA,NA
NA,NA,NA,NA,0,0,0.0309278350515464,0.0909090909090909,0,NA,NA,NA
NA,NA,NA,NA,0,0,0,0,0,NA,NA,NA
NA,NA,NA,NA,0,0,0,0,0,NA,NA,NA
NA,NA,NA,NA,0,0,0.0103092783505155,0,0,NA,NA,NA
NA,NA,NA,NA,0,0,0,0,0,NA,NA,NA
NA,NA,NA,NA,0,0,0.0412371134020619,0,0,NA,NA,NA
NA,NA,NA,NA,0,0,0,0.545454545454545,0,NA,NA,NA
NA,NA,NA,NA,0,0,0.0206185567010309,0,0,NA,NA,NA
NA,NA,NA,NA,0,0,0.0103092783505155,0,0,NA,NA,NA
NA,NA,NA,NA,0,0,0,0.181818181818182,0,NA,NA,NA
NA,NA,NA,NA,0,0,0.0103092783505155,0,0,NA,NA,NA
NA,NA,NA,NA,0,0,0,0,0,NA,NA,NA
NA,NA,NA,NA,0,0,0,0,0,NA,NA,NA
NA,NA,NA,NA,0,0,0,0,0,NA,NA,NA
NA,NA,NA,NA,0,0,0,0,0,NA,NA,NA
NA,NA,NA,NA,0,0,0,0,0,NA,NA,NA
NA,NA,NA,NA,0,0,0,0,0,NA,NA,NA
NA,NA,NA,NA,0,0,0,0,0,NA,NA,NA
NA,NA,NA,NA,0,0,0,0.272727272727273,0,NA,NA,NA
NA,NA,NA,NA,0,0,0.0103092783505155,0,0,NA,NA,NA
NA,NA,NA,NA,0,0,0.0206185567010309,0,0,NA,NA,NA
NA,NA,NA,NA,0,0,0,0.0909090909090909,0,NA,NA,NA
NA,NA,NA,NA,0,0,0,0,0,NA,NA,NA
NA,NA,NA,NA,0,0,0.0206185567010309,0,0,NA,NA,NA
NA,NA,NA,NA,0,0,0.0103092783505155,0,0,NA,NA,NA
NA,NA,NA,NA,0,0,0.0206185567010309,0,0,NA,NA,NA
NA,NA,NA,NA,0,0,0.0103092783505155,0,0,NA,NA,NA
NA,NA,NA,NA,0,0,0,0,0,NA,NA,NA
NA,NA,NA,NA,0,0,0,0,0,NA,NA,NA
NA,NA,NA,NA,0,0,0.0103092783505155,0,0,NA,NA,NA
NA,NA,NA,NA,0,0,0,0.318181818181818,0,NA,NA,NA
NA,NA,NA,NA,0,0,0,0,0,NA,NA,NA
NA,NA,NA,NA,0,0,0,0,0,NA,NA,NA
NA,NA,NA,NA,0,0,0,0.318181818181818,0,NA,NA,NA
NA,NA,NA,NA,0,0,0,0,0,NA,NA,NA
NA,NA,NA,NA,0,0,0.0412371134020619,0,0,NA,NA,NA
NA,NA,NA,NA,0,0,0.0927835051546392,0,0,NA,NA,NA
NA,NA,NA,NA,0,0,0,0,0,NA,NA,NA
NA,NA,NA,NA,0,0,0.0103092783505155,0.0454545454545455,0,NA,NA,NA
NA,NA,NA,NA,0,0,0.0721649484536082,0,0,NA,NA,NA
NA,NA,NA,NA,0,0,0.0103092783505155,0,0,NA,NA,NA
NA,NA,NA,NA,0,0,0,0,0,NA,NA,NA
NA,NA,NA,NA,0,0,0,0,0,NA,NA,NA
NA,NA,NA,NA,0,0,0.0206185567010309,0.409090909090909,0,NA,NA,NA
NA,NA,NA,NA,0,0,0.0206185567010309,0,0,NA,NA,NA
NA,NA,NA,NA,0,0,0,0,0,NA,NA,NA
NA,NA,NA,NA,0,0,0,0,0,NA,NA,NA
NA,NA,NA,NA,0,0,0,0.0454545454545455,0,NA,NA,NA
NA,NA,NA,NA,0,0,0.0103092783505155,0,0,NA,NA,NA
NA,NA,NA,NA,0,0.0204081632653061,0,0,0,NA,NA,NA
NA,NA,NA,NA,0,0,0,0,0,NA,NA,NA
NA,NA,NA,NA,0,0,0.0103092783505155,0,0,NA,NA,NA
NA,NA,NA,NA,0,0,0,0,0,NA,NA,NA
NA,NA,NA,NA,0,0,0,0.0454545454545455,0,NA,NA,NA
NA,NA,NA,NA,0,0,0,0.0909090909090909,0,NA,NA,NA
NA,NA,NA,NA,0,0,0,0.227272727272727,0,NA,NA,NA
NA,NA,NA,NA,0,0,0,0.0454545454545455,0,NA,NA,NA
NA,NA,NA,NA,0,0,0,0,0,NA,NA,NA
NA,NA,NA,NA,0,0,0,0,0,NA,NA,NA
NA,NA,NA,NA,0,0,0.0103092783505155,0,0,NA,NA,NA
NA,NA,NA,NA,0,0,0,0,0,NA,NA,NA
NA,NA,NA,NA,0,0,0,0,0,NA,NA,NA
NA,NA,NA,NA,0,0,0,0,0,NA,NA,NA
NA,NA,NA,NA,0,0,0,0.227272727272727,0,NA,NA,NA
NA,NA,NA,NA,0,0,0,0.0909090909090909,0,NA,NA,NA
NA,NA,NA,NA,0,0,0,0,0,NA,NA,NA
NA,NA,NA,NA,0,0,0.0103092783505155,0.0909090909090909,0,NA,NA,NA
NA,NA,NA,NA,0,0,0.0206185567010309,0,0,NA,NA,NA
NA,NA,NA,NA,0,0,0,0,0,NA,NA,NA
NA,NA,NA,NA,0,0,0,0,0,NA,NA,NA
NA,NA,NA,NA,0,0,0,0,0,NA,NA,NA
NA,NA,NA,NA,0,0,0,0.136363636363636,0,NA,NA,NA
NA,NA,NA,NA,0,0,0,0,0,NA,NA,NA
NA,NA,NA,NA,0,0,0,0,0,NA,NA,NA
NA,NA,NA,NA,0,0,0,0,0,NA,NA,NA
NA,NA,NA,NA,0,0,0.0103092783505155,0.0454545454545455,0,NA,NA,NA
NA,NA,NA,NA,0,0,0,0,0,NA,NA,NA
NA,NA,NA,NA,0,0,0.0206185567010309,0,0,NA,NA,NA
NA,NA,NA,NA,0,0,0,0,0,NA,NA,NA
NA,NA,NA,NA,0,0,0.0721649484536082,0.272727272727273,0,NA,NA,NA
NA,NA,NA,NA,0,0,0,0,0,NA,NA,NA
NA,NA,NA,NA,0,0,0,0,0,NA,NA,NA
NA,NA,NA,NA,0,0,0,0,0,NA,NA,NA
NA,NA,NA,NA,0,0,0,0.0909090909090909,0,NA,NA,NA
NA,NA,NA,NA,0,0,0.0618556701030928,0,0,NA,NA,NA
NA,NA,NA,NA,0,0,0.0206185567010309,0,0,NA,NA,NA
NA,NA,NA,NA,0,0,0.103092783505155,0,0,NA,NA,NA
NA,NA,NA,NA,0,0,0,0,0,NA,NA,NA
NA,NA,NA,NA,0,0,0,0,0,NA,NA,NA
NA,NA,NA,NA,0,0,0,0,0,NA,NA,NA
NA,NA,NA,NA,0,0,0,0,0,NA,NA,NA
NA,NA,NA,NA,0,0,0,0.0909090909090909,0,NA,NA,NA
NA,NA,NA,NA,0,0,0,0,0,NA,NA,NA
NA,NA,NA,NA,0,0,0,0,0,NA,NA,NA
NA,NA,NA,NA,0,0,0,0,0,NA,NA,NA
NA,NA,NA,NA,0,0,0.0206185567010309,0,0,NA,NA,NA
NA,NA,NA,NA,0,0,0,0,0,NA,NA,NA
NA,NA,NA,NA,0,0,0.0103092783505155,0,0,NA,NA,NA
NA,NA,NA,NA,0,0,0.0103092783505155,0,0,NA,NA,NA
NA,NA,NA,NA,0,0,0.0103092783505155,0,0,NA,NA,NA
NA,NA,NA,NA,0,0,0.0206185567010309,0,0,NA,NA,NA
NA,NA,NA,NA,0,0,0.0103092783505155,0,0,NA,NA,NA
NA,NA,NA,NA,0,0,0,0,0,NA,NA,NA
NA,NA,NA,NA,0,0,0,0,0,NA,NA,NA
NA,NA,NA,NA,0,0,0,0,0,NA,NA,NA
NA,NA,NA,NA,0,0,0,0,0,NA,NA,NA
NA,NA,NA,NA,0,0,0,0.681818181818182,0,NA,NA,NA
NA,NA,NA,NA,0,0,0,0.818181818181818,0,NA,NA,NA
NA,NA,NA,NA,0,0,0,0,0,NA,NA,NA
NA,NA,NA,NA,0,0,0.0103092783505155,0,0,NA,NA,NA
NA,NA,NA,NA,0,0,0,0,0,NA,NA,NA
NA,NA,NA,NA,0,0,0,0,0,NA,NA,NA
NA,NA,NA,NA,0,0,0,0,0,NA,NA,NA
NA,NA,NA,NA,0,0,0,0.0454545454545455,0,NA,NA,NA
NA,NA,NA,NA,0,0,0.0824742268041237,0,0,NA,NA,NA
NA,NA,NA,NA,0,0,0,0.181818181818182,0,NA,NA,NA
NA,NA,NA,NA,0,0,0,0,0,NA,NA,NA
NA,NA,NA,NA,0,0,0,0,0,NA,NA,NA
NA,NA,NA,NA,0,0,0,0,0,NA,NA,NA
NA,NA,NA,NA,0,0,0.0412371134020619,0,0,NA,NA,NA
NA,NA,NA,NA,0,0,0.0103092783505155,0.136363636363636,0,NA,NA,NA
NA,NA,NA,NA,0,0,0,0,0,NA,NA,NA
NA,NA,NA,NA,0,0,0,0,0,NA,NA,NA
NA,NA,NA,NA,0,0,0,0.318181818181818,0,NA,NA,NA
NA,NA,NA,NA,0,0,0.0206185567010309,0,0,NA,NA,NA
NA,NA,NA,NA,0,0,0,0,0,NA,NA,NA
NA,NA,NA,NA,0,0,0,0,0,NA,NA,NA
NA,NA,NA,NA,0,0,0,0.0909090909090909,0,NA,NA,NA
NA,NA,NA,NA,0,0,0,0,0,NA,NA,NA
NA,NA,NA,NA,0,0,0.0103092783505155,0.0909090909090909,0,NA,NA,NA
NA,NA,NA,NA,0,0,0,0,0,NA,NA,NA
NA,NA,NA,NA,0,0,0.0103092783505155,0.5,0,NA,NA,NA
NA,NA,NA,NA,0,0.0408163265306122,0,0.0909090909090909,0,NA,NA,NA
NA,NA,NA,NA,0,0,0.0103092783505155,0.409090909090909,0,NA,NA,NA
NA,NA,NA,NA,0,0,0,0.363636363636364,0,NA,NA,NA
NA,NA,NA,NA,0,0,0.0103092783505155,0,0,NA,NA,NA
NA,NA,NA,NA,0,0,0,0,0,NA,NA,NA
NA,NA,NA,NA,0,0.0408163265306122,0.0103092783505155,0,0,NA,NA,NA
NA,NA,NA,NA,0,0,0.0206185567010309,0,0,NA,NA,NA
NA,NA,NA,NA,0,0,0,0,0,NA,NA,NA
NA,NA,NA,NA,0,0,0,0,0,NA,NA,NA
NA,NA,NA,NA,0,0,0,0,0,NA,NA,NA
NA,NA,NA,NA,0,0,0.0515463917525773,0,0,NA,NA,NA
NA,NA,NA,NA,0,0,0.0206185567010309,0,0,NA,NA,NA
NA,NA,NA,NA,0,0,0.0927835051546392,0,0,NA,NA,NA
NA,NA,NA,NA,0,0,0,0.0454545454545455,0,NA,NA,NA
NA,NA,NA,NA,0,0,0.0103092783505155,0,0,NA,NA,NA
NA,NA,NA,NA,0,0,0,0,0,NA,NA,NA
NA,NA,NA,NA,0,0,0.0309278350515464,0.272727272727273,0,NA,NA,NA
NA,NA,NA,NA,0,0,0,0.0454545454545455,0,NA,NA,NA
NA,NA,NA,NA,0,0,0.0206185567010309,0.0909090909090909,0,NA,NA,NA
NA,NA,NA,NA,0,0,0,0,0,NA,NA,NA
NA,NA,NA,NA,0,0.0816326530612245,0.0309278350515464,0.181818181818182,0,NA,NA,NA
NA,NA,NA,NA,0,0,0,0,0,NA,NA,NA
NA,NA,NA,NA,0,0,0,0,0,NA,NA,NA
NA,NA,NA,NA,0,0,0.0103092783505155,0,0,NA,NA,NA
NA,NA,NA,NA,0,0,0.0206185567010309,0,0,NA,NA,NA
NA,NA,NA,NA,0,0,0,0,0,NA,NA,NA
NA,NA,NA,NA,0,0,0.0103092783505155,0,0,NA,NA,NA
NA,NA,NA,NA,0,0,0.0103092783505155,0.0909090909090909,0,NA,NA,NA
NA,NA,NA,NA,0,0,0,0,0,NA,NA,NA
NA,NA,NA,NA,0,0.0408163265306122,0.0309278350515464,0,0,NA,NA,NA
NA,NA,NA,NA,0,0,0,0,0,NA,NA,NA
NA,NA,NA,NA,0,0,0,0.272727272727273,0,NA,NA,NA
NA,NA,NA,NA,0,0,0,0,0,NA,NA,NA
NA,NA,NA,NA,0,0,0.0206185567010309,0.227272727272727,0,NA,NA,NA
NA,NA,NA,NA,0,0,0,0,0,NA,NA,NA
NA,NA,NA,NA,0,0,0,0,0,NA,NA,NA
NA,NA,NA,NA,0,0,0,0.0454545454545455,0,NA,NA,NA
NA,NA,NA,NA,0,0,0,0.0909090909090909,0,NA,NA,NA
NA,NA,NA,NA,0,0,0,0,0,NA,NA,NA
NA,NA,NA,NA,0,0,0,0.181818181818182,0,NA,NA,NA
NA,NA,NA,NA,0,0.0204081632653061,0.0103092783505155,0,0,NA,NA,NA
NA,NA,NA,NA,0,0,0,0.227272727272727,0,NA,NA,NA
NA,NA,NA,NA,0,0,0,0,0,NA,NA,NA
NA,NA,NA,NA,0,0,0,0,0,NA,NA,NA
NA,NA,NA,NA,0,0,0,0,0,NA,NA,NA
NA,NA,NA,NA,0,0,0.0515463917525773,0.0454545454545455,0,NA,NA,NA
NA,NA,NA,NA,0,0,0.0103092783505155,0,0,NA,NA,NA
NA,NA,NA,NA,0,0,0.0103092783505155,0,0,NA,NA,NA
NA,NA,NA,NA,0,0,0,0,0,NA,NA,NA
NA,NA,NA,NA,0,0,0,0.0909090909090909,0,NA,NA,NA
NA,NA,NA,NA,0,0.102040816326531,0.0206185567010309,0,0,NA,NA,NA
NA,NA,NA,NA,0,0,0.0206185567010309,0.0454545454545455,0,NA,NA,NA
NA,NA,NA,NA,0,0,0.0103092783505155,0,0,NA,NA,NA
NA,NA,NA,NA,0,0,0,0,0,NA,NA,NA
NA,NA,NA,NA,0,0,0.0412371134020619,0,0,NA,NA,NA
NA,NA,NA,NA,0,0,0.0206185567010309,0,0,NA,NA,NA
NA,NA,NA,NA,0,0,0,0,0,NA,NA,NA
NA,NA,NA,NA,0,0,0.0103092783505155,0,0,NA,NA,NA
NA,NA,NA,NA,0,0,0,0,0,NA,NA,NA
NA,NA,NA,NA,0,0,0.0206185567010309,0,0,NA,NA,NA
NA,NA,NA,NA,0,0,0,0,0,NA,NA,NA
NA,NA,NA,NA,0,0,0.0309278350515464,0.0454545454545455,0,NA,NA,NA
NA,NA,NA,NA,0,0,0.0103092783505155,0,0,NA,NA,NA
NA,NA,NA,NA,0,0,0.0103092783505155,0.272727272727273,0,NA,NA,NA
NA,NA,NA,NA,0,0,0.0103092783505155,0,0,NA,NA,NA
NA,NA,NA,NA,0,0,0.0206185567010309,0.0454545454545455,0,NA,NA,NA
NA,NA,NA,NA,0,0.0204081632653061,0.0103092783505155,0,0,NA,NA,NA
NA,NA,NA,NA,0,0,0,0.681818181818182,0,NA,NA,NA
NA,NA,NA,NA,0,0,0.0103092783505155,0,0,NA,NA,NA
NA,NA,NA,NA,0,0,0,0,0,NA,NA,NA
NA,NA,NA,NA,0,0,0,0,0,NA,NA,NA
NA,NA,NA,NA,0,0,0.0103092783505155,0,0,NA,NA,NA
NA,NA,NA,NA,0,0,0,0.272727272727273,0,NA,NA,NA
NA,NA,NA,NA,0,0,0,0,0,NA,NA,NA
NA,NA,NA,NA,0,0,0,0.0454545454545455,0,NA,NA,NA
NA,NA,NA,NA,0,0,0,0,0,NA,NA,NA
NA,NA,NA,NA,0,0,0,0,0,NA,NA,NA
NA,NA,NA,NA,0,0,0,0.136363636363636,0,NA,NA,NA
NA,NA,NA,NA,0,0,0,0,0,NA,NA,NA
NA,NA,NA,NA,0,0.0204081632653061,0.0103092783505155,0,0,NA,NA,NA
NA,NA,NA,NA,0,0,0,0,0,NA,NA,NA
NA,NA,NA,NA,0,0,0,0,0,NA,NA,NA
NA,NA,NA,NA,0,0,0.0103092783505155,0,0,NA,NA,NA
NA,NA,NA,NA,0,0,0,0.0454545454545455,0,NA,NA,NA
NA,NA,NA,NA,0,0,0.0206185567010309,0,0,NA,NA,NA
NA,NA,NA,NA,0,0,0,0,0,NA,NA,NA
NA,NA,NA,NA,0,0,0,0,0,NA,NA,NA
NA,NA,NA,NA,0,0.0408163265306122,0,0.0454545454545455,0,NA,NA,NA
NA,NA,NA,NA,0,0,0,0,0,NA,NA,NA
NA,NA,NA,NA,0,0,0,0,0,NA,NA,NA
NA,NA,NA,NA,0,0,0,0.0454545454545455,0,NA,NA,NA
NA,NA,NA,NA,0,0,0,0,0,NA,NA,NA
NA,NA,NA,NA,0,0,0,0.0454545454545455,0,NA,NA,NA
NA,NA,NA,NA,0,0,0,0,0,NA,NA,NA
NA,NA,NA,NA,0,0,0,0.227272727272727,0.25,NA,NA,NA
NA,NA,NA,NA,0,0,0,0,0,NA,NA,NA
NA,NA,NA,NA,0,0,0,0,0,NA,NA,NA
NA,NA,NA,NA,0,0,0,0,0,NA,NA,NA
NA,NA,NA,NA,0,0,0,0,0,NA,NA,NA
NA,NA,NA,NA,0,0,0,0.0909090909090909,0,NA,NA,NA
NA,NA,NA,NA,0,0,0,0,0,NA,NA,NA
NA,NA,NA,NA,0,0,0.0412371134020619,0,0,NA,NA,NA
NA,NA,NA,NA,0,0,0,0,0,NA,NA,NA
NA,NA,NA,NA,0,0,0,0,0,NA,NA,NA
NA,NA,NA,NA,0,0,0,0,0,NA,NA,NA
NA,NA,NA,NA,0,0,0.0309278350515464,0,0,NA,NA,NA
NA,NA,NA,NA,0,0,0.0103092783505155,0,0,NA,NA,NA
NA,NA,NA,NA,0,0,0.0206185567010309,0.181818181818182,0,NA,NA,NA
NA,NA,NA,NA,0,0.0204081632653061,0.11340206185567,0,0,NA,NA,NA
NA,NA,NA,NA,0,0,0,0,0,NA,NA,NA
NA,NA,NA,NA,0,0,0.0206185567010309,0,0,NA,NA,NA
NA,NA,NA,NA,0,0,0,0,0,NA,NA,NA
NA,NA,NA,NA,0,0,0,0,0,NA,NA,NA
NA,NA,NA,NA,0,0,0,0,0,NA,NA,NA
NA,NA,NA,NA,0,0,0,0,0,NA,NA,NA
NA,NA,NA,NA,0,0,0,0,0,NA,NA,NA
NA,NA,NA,NA,0,0,0,0,0,NA,NA,NA
NA,NA,NA,NA,0,0,0.0103092783505155,0,0,NA,NA,NA
NA,NA,NA,NA,0,0,0,0.409090909090909,0,NA,NA,NA
NA,NA,NA,NA,0,0,0,0,0,NA,NA,NA
NA,NA,NA,NA,0,0.0408163265306122,0,0,0,NA,NA,NA
NA,NA,NA,NA,0,0,0.0412371134020619,0.0909090909090909,0,NA,NA,NA
NA,NA,NA,NA,0,0,0,0.454545454545455,0,NA,NA,NA
NA,NA,NA,NA,0,0,0,0,0,NA,NA,NA
NA,NA,NA,NA,0,0,0.0103092783505155,0.545454545454545,0,NA,NA,NA
NA,NA,NA,NA,0,0,0.0103092783505155,0,0,NA,NA,NA
NA,NA,NA,NA,0,0,0,0,0,NA,NA,NA
NA,NA,NA,NA,0,0,0,0.0909090909090909,0,NA,NA,NA
NA,NA,NA,NA,0,0,0.0206185567010309,0.409090909090909,0,NA,NA,NA
NA,NA,NA,NA,0,0,0,0,0,NA,NA,NA
NA,NA,NA,NA,0,0,0,0,0,NA,NA,NA
NA,NA,NA,NA,0,0,0.0309278350515464,0.272727272727273,0,NA,NA,NA
NA,NA,NA,NA,0,0,0,0,0,NA,NA,NA
NA,NA,NA,NA,0,0,0,0,0,NA,NA,NA
NA,NA,NA,NA,0,0,0,0.0454545454545455,0,NA,NA,NA
NA,NA,NA,NA,0,0,0,0,0,NA,NA,NA
NA,NA,NA,NA,0,0,0,0.0454545454545455,0,NA,NA,NA
NA,NA,NA,NA,0,0,0.0103092783505155,0,0,NA,NA,NA
NA,NA,NA,NA,0,0.0204081632653061,0.0103092783505155,0,0,NA,NA,NA
NA,NA,NA,NA,0,0,0,0,0,NA,NA,NA
NA,NA,NA,NA,0,0,0,0,0,NA,NA,NA
NA,NA,NA,NA,0,0,0,0,0,NA,NA,NA
NA,NA,NA,NA,0,0,0,0.136363636363636,0,NA,NA,NA
NA,NA,NA,NA,0,0.0204081632653061,0.0103092783505155,0,0,NA,NA,NA
NA,NA,NA,NA,0,0,0.0103092783505155,0,0,NA,NA,NA
NA,NA,NA,NA,0,0,0.0103092783505155,0,0,NA,NA,NA
NA,NA,NA,NA,0,0,0,0,0,NA,NA,NA
NA,NA,NA,NA,0,0,0.0309278350515464,0,0,NA,NA,NA
NA,NA,NA,NA,0,0,0.0103092783505155,0,0,NA,NA,NA
NA,NA,NA,NA,0,0,0,0,0,NA,NA,NA
NA,NA,NA,NA,0,0,0.0103092783505155,0,0,NA,NA,NA
NA,NA,NA,NA,0,0,0.0103092783505155,0,0,NA,NA,NA
NA,NA,NA,NA,0,0,0.0103092783505155,0.136363636363636,0,NA,NA,NA
NA,NA,NA,NA,0,0,0,0,0,NA,NA,NA
NA,NA,NA,NA,0,0,0,0,0,NA,NA,NA
NA,NA,NA,NA,0,0,0,0.0454545454545455,0,NA,NA,NA
NA,NA,NA,NA,0,0,0,0,0,NA,NA,NA
NA,NA,NA,NA,0,0,0,0,0,NA,NA,NA
NA,NA,NA,NA,0,0,0,0,0,NA,NA,NA
NA,NA,NA,NA,0,0,0.0103092783505155,0,0,NA,NA,NA
NA,NA,NA,NA,0,0,0,0,0,NA,NA,NA
NA,NA,NA,NA,0,0,0.0309278350515464,0.0454545454545455,0,NA,NA,NA
NA,NA,NA,NA,0,0,0,0.0454545454545455,0,NA,NA,NA
NA,NA,NA,NA,0,0,0,0.0454545454545455,0,NA,NA,NA
NA,NA,NA,NA,0,0,0.0103092783505155,0,0,NA,NA,NA
NA,NA,NA,NA,0,0,0,0,0,NA,NA,NA
NA,NA,NA,NA,0,0,0,0,0,NA,NA,NA
NA,NA,NA,NA,0,0,0.0309278350515464,0,0,NA,NA,NA
NA,NA,NA,NA,0,0,0,0.0454545454545455,0,NA,NA,NA
NA,NA,NA,NA,0,0,0.0206185567010309,0,0,NA,NA,NA
NA,NA,NA,NA,0,0,0,0.227272727272727,0,NA,NA,NA
NA,NA,NA,NA,0,0,0,0,0,NA,NA,NA
NA,NA,NA,NA,0,0,0,0,0,NA,NA,NA
NA,NA,NA,NA,0,0,0.0103092783505155,0,0,NA,NA,NA
NA,NA,NA,NA,0,0.0612244897959184,0.0515463917525773,0.227272727272727,0,NA,NA,NA
NA,NA,NA,NA,0,0,0,0.272727272727273,0,NA,NA,NA
NA,NA,NA,NA,0,0,0.0103092783505155,0,0,NA,NA,NA
NA,NA,NA,NA,0,0,0,0,0,NA,NA,NA
NA,NA,NA,NA,0,0,0,0,0,NA,NA,NA
NA,NA,NA,NA,0,0,0,0,0,NA,NA,NA
NA,NA,NA,NA,0,0,0,0.0454545454545455,0,NA,NA,NA
NA,NA,NA,NA,0,0,0.0103092783505155,0,0,NA,NA,NA
NA,NA,NA,NA,0,0,0.0309278350515464,0,0,NA,NA,NA
NA,NA,NA,NA,0,0,0,0,0,NA,NA,NA
NA,NA,NA,NA,0,0,0,0,0,NA,NA,NA
NA,NA,NA,NA,0,0,0.0206185567010309,0,0,NA,NA,NA
NA,NA,NA,NA,0,0,0.0412371134020619,0.0454545454545455,0,NA,NA,NA
NA,NA,NA,NA,0,0,0,0,0,NA,NA,NA
NA,NA,NA,NA,0,0,0,0,0,NA,NA,NA
NA,NA,NA,NA,0,0,0.0103092783505155,0.0454545454545455,0,NA,NA,NA
NA,NA,NA,NA,0,0,0,0,0,NA,NA,NA
NA,NA,NA,NA,0,0,0,0.136363636363636,0,NA,NA,NA
NA,NA,NA,NA,0,0,0,0.0909090909090909,0,NA,NA,NA
NA,NA,NA,NA,0,0,0.0103092783505155,0,0,NA,NA,NA
NA,NA,NA,NA,0,0,0,0,0,NA,NA,NA
NA,NA,NA,NA,0,0.0408163265306122,0.0206185567010309,0,0,NA,NA,NA
NA,NA,NA,NA,0,0,0,0,0,NA,NA,NA
NA,NA,NA,NA,0,0,0.0103092783505155,0.0454545454545455,0,NA,NA,NA
NA,NA,NA,NA,0,0,0,0.545454545454545,0,NA,NA,NA
NA,NA,NA,NA,0,0,0,0,0,NA,NA,NA
NA,NA,NA,NA,0,0,0,0,0,NA,NA,NA
NA,NA,NA,NA,0,0,0,0.454545454545455,0,NA,NA,NA
NA,NA,NA,NA,0,0,0,0,0,NA,NA,NA
NA,NA,NA,NA,0,0,0.0309278350515464,0,0,NA,NA,NA
NA,NA,NA,NA,0,0,0.0103092783505155,0.0454545454545455,0,NA,NA,NA
NA,NA,NA,NA,0,0,0,0,0,NA,NA,NA
NA,NA,NA,NA,0,0,0,0,0,NA,NA,NA
NA,NA,NA,NA,0,0,0,0,0,NA,NA,NA
NA,NA,NA,NA,0,0,0,0,0,NA,NA,NA
NA,NA,NA,NA,0,0,0,0.181818181818182,0,NA,NA,NA
NA,NA,NA,NA,0,0,0,0.0909090909090909,0,NA,NA,NA
NA,NA,NA,NA,0,0,0,0,0,NA,NA,NA
NA,NA,NA,NA,0,0,0,0.0454545454545455,0,NA,NA,NA
NA,NA,NA,NA,0,0,0.0103092783505155,0.136363636363636,0,NA,NA,NA
NA,NA,NA,NA,0,0.0408163265306122,0,0.227272727272727,0,NA,NA,NA
NA,NA,NA,NA,0,0,0.0103092783505155,0,0,NA,NA,NA
NA,NA,NA,NA,0,0,0,0.136363636363636,0,NA,NA,NA
NA,NA,NA,NA,0,0,0,0.0454545454545455,0,NA,NA,NA
NA,NA,NA,NA,0,0,0.0103092783505155,0.181818181818182,0,NA,NA,NA
NA,NA,NA,NA,0,0,0.0206185567010309,0,0,NA,NA,NA
NA,NA,NA,NA,0,0,0,0,0,NA,NA,NA
NA,NA,NA,NA,0,0,0,0,0,NA,NA,NA
NA,NA,NA,NA,0,0,0,0,0,NA,NA,NA
NA,NA,NA,NA,0,0,0.0103092783505155,0,0,NA,NA,NA
NA,NA,NA,NA,0,0,0,0,0,NA,NA,NA
NA,NA,NA,NA,0,0,0,0,0,NA,NA,NA
NA,NA,NA,NA,0,0,0,0,0,NA,NA,NA
NA,NA,NA,NA,0,0,0,0,0,NA,NA,NA
NA,NA,NA,NA,0,0,0,0,0,NA,NA,NA
NA,NA,NA,NA,0,0,0,0,0,NA,NA,NA
NA,NA,NA,NA,0,0,0,0,0,NA,NA,NA
NA,NA,NA,NA,0,0,0,0,0,NA,NA,NA
NA,NA,NA,NA,0,0,0.0103092783505155,0.0454545454545455,0,NA,NA,NA
NA,NA,NA,NA,0,0,0,0,0,NA,NA,NA
NA,NA,NA,NA,0,0,0.0103092783505155,0,0,NA,NA,NA
NA,NA,NA,NA,0,0,0,0,0,NA,NA,NA
NA,NA,NA,NA,0,0,0,0,0,NA,NA,NA
NA,NA,NA,NA,0,0,0.0309278350515464,0,0,NA,NA,NA
NA,NA,NA,NA,0,0,0.0103092783505155,0,0,NA,NA,NA
NA,NA,NA,NA,0,0,0,0.181818181818182,0,NA,NA,NA
NA,NA,NA,NA,0,0,0,0,0,NA,NA,NA
NA,NA,NA,NA,0,0,0.0412371134020619,0.318181818181818,0,NA,NA,NA
NA,NA,NA,NA,0,0,0,0,0,NA,NA,NA
NA,NA,NA,NA,0,0,0,0.5,0,NA,NA,NA
NA,NA,NA,NA,0,0,0,0.0909090909090909,0,NA,NA,NA
NA,NA,NA,NA,0,0,0,0,0,NA,NA,NA
NA,NA,NA,NA,0,0,0,0,0,NA,NA,NA
NA,NA,NA,NA,0,0,0,0.0454545454545455,0,NA,NA,NA
NA,NA,NA,NA,0,0,0,0,0,NA,NA,NA
NA,NA,NA,NA,0,0,0,0,0,NA,NA,NA
NA,NA,NA,NA,0,0,0.0103092783505155,0,0,NA,NA,NA
NA,NA,NA,NA,0,0,0,0.0909090909090909,0,NA,NA,NA
NA,NA,NA,NA,0,0,0.0103092783505155,0,0,NA,NA,NA
NA,NA,NA,NA,0,0,0,0.0454545454545455,0,NA,NA,NA
NA,NA,NA,NA,0,0,0.0103092783505155,0.181818181818182,0,NA,NA,NA
NA,NA,NA,NA,0,0,0,0,0,NA,NA,NA
NA,NA,NA,NA,0,0,0,0,0,NA,NA,NA
NA,NA,NA,NA,0,0,0,0,0,NA,NA,NA
NA,NA,NA,NA,0,0,0.0309278350515464,0.0454545454545455,0,NA,NA,NA
NA,NA,NA,NA,0,0,0.0721649484536082,0,0,NA,NA,NA
NA,NA,NA,NA,0,0,0,0,0,NA,NA,NA
NA,NA,NA,NA,0,0,0.0103092783505155,0,0,NA,NA,NA
NA,NA,NA,NA,0,0,0.0103092783505155,0.0454545454545455,0,NA,NA,NA
NA,NA,NA,NA,0,0,0,0,0,NA,NA,NA
NA,NA,NA,NA,0,0.0612244897959184,0.0103092783505155,0.409090909090909,0,NA,NA,NA
NA,NA,NA,NA,0,0,0,0,0,NA,NA,NA
NA,NA,NA,NA,0,0,0.0103092783505155,0,0,NA,NA,NA
NA,NA,NA,NA,0,0,0,0,0,NA,NA,NA
NA,NA,NA,NA,0,0,0,0.136363636363636,0,NA,NA,NA
NA,NA,NA,NA,0,0,0,0,0,NA,NA,NA
NA,NA,NA,NA,0,0,0.0103092783505155,0,0,NA,NA,NA
NA,NA,NA,NA,0,0,0,0,0,NA,NA,NA
NA,NA,NA,NA,0,0,0.0103092783505155,0,0,NA,NA,NA
NA,NA,NA,NA,0,0.0204081632653061,0,0,0,NA,NA,NA
NA,NA,NA,NA,0,0,0.0103092783505155,0,0,NA,NA,NA
NA,NA,NA,NA,0,0,0,0.0909090909090909,0,NA,NA,NA
NA,NA,NA,NA,0,0,0,0,0,NA,NA,NA
NA,NA,NA,NA,0,0,0,0,0,NA,NA,NA
NA,NA,NA,NA,0,0,0,0,0,NA,NA,NA
NA,NA,NA,NA,0,0,0.0309278350515464,0.0454545454545455,0,NA,NA,NA
NA,NA,NA,NA,0,0,0,0,0,NA,NA,NA
NA,NA,NA,NA,0,0,0,0.363636363636364,0,NA,NA,NA
NA,NA,NA,NA,0,0,0,0,0,NA,NA,NA
NA,NA,NA,NA,0,0,0.0618556701030928,0,0,NA,NA,NA
NA,NA,NA,NA,0,0,0,0,0,NA,NA,NA
NA,NA,NA,NA,0,0,0.0206185567010309,0.0454545454545455,0,NA,NA,NA
NA,NA,NA,NA,0,0,0,0,0,NA,NA,NA
NA,NA,NA,NA,0,0,0,0.272727272727273,0,NA,NA,NA
NA,NA,NA,NA,0,0,0,0.272727272727273,0,NA,NA,NA
NA,NA,NA,NA,0,0,0,0,0,NA,NA,NA
NA,NA,NA,NA,0,0.0612244897959184,0,0,0,NA,NA,NA
NA,NA,NA,NA,0,0,0.0103092783505155,0,0,NA,NA,NA
NA,NA,NA,NA,0,0,0,0,0,NA,NA,NA
NA,NA,NA,NA,0,0,0.0515463917525773,0.0454545454545455,0,NA,NA,NA
NA,NA,NA,NA,0,0,0,0,0,NA,NA,NA
NA,NA,NA,NA,0,0,0.0103092783505155,0,0,NA,NA,NA
NA,NA,NA,NA,0,0,0,0,0,NA,NA,NA
NA,NA,NA,NA,0,0,0,0.0909090909090909,0,NA,NA,NA
NA,NA,NA,NA,0,0,0,0,0,NA,NA,NA
NA,NA,NA,NA,0,0.0204081632653061,0,0,0,NA,NA,NA
NA,NA,NA,NA,0,0,0.0103092783505155,0.136363636363636,0,NA,NA,NA
NA,NA,NA,NA,0,0,0.0103092783505155,0.0454545454545455,0,NA,NA,NA
NA,NA,NA,NA,0,0.0204081632653061,0,0,0,NA,NA,NA
NA,NA,NA,NA,0,0,0,0,0,NA,NA,NA
NA,NA,NA,NA,0,0,0,0.272727272727273,0,NA,NA,NA
NA,NA,NA,NA,0,0,0,0,0,NA,NA,NA
NA,NA,NA,NA,0,0,0,0,0,NA,NA,NA
NA,NA,NA,NA,0,0,0,0.181818181818182,0,NA,NA,NA
NA,NA,NA,NA,0,0,0,0,0,NA,NA,NA
NA,NA,NA,NA,0,0,0,0,0,NA,NA,NA
NA,NA,NA,NA,0,0,0,0,0,NA,NA,NA
NA,NA,NA,NA,0,0,0,0,0,NA,NA,NA
NA,NA,NA,NA,0,0,0.0103092783505155,0.0909090909090909,0,NA,NA,NA
NA,NA,NA,NA,0,0,0,0.0454545454545455,0,NA,NA,NA
NA,NA,NA,NA,0,0,0,0,0,NA,NA,NA
NA,NA,NA,NA,0,0,0,0.0454545454545455,0,NA,NA,NA
NA,NA,NA,NA,0,0.0408163265306122,0.0103092783505155,0,0,NA,NA,NA
NA,NA,NA,NA,0,0,0,0,0,NA,NA,NA
NA,NA,NA,NA,0,0,0,0,0,NA,NA,NA
NA,NA,NA,NA,0,0,0,0.318181818181818,0,NA,NA,NA
NA,NA,NA,NA,0,0,0.0103092783505155,0.0454545454545455,0,NA,NA,NA
NA,NA,NA,NA,0,0,0,0.0454545454545455,0,NA,NA,NA
NA,NA,NA,NA,0,0,0.0103092783505155,0.136363636363636,0,NA,NA,NA
NA,NA,NA,NA,0,0,0,0,0,NA,NA,NA
NA,NA,NA,NA,0,0,0,0.0454545454545455,0,NA,NA,NA
NA,NA,NA,NA,0,0,0,0,0,NA,NA,NA
NA,NA,NA,NA,0,0.0204081632653061,0,0,0,NA,NA,NA
NA,NA,NA,NA,0,0,0,0,0,NA,NA,NA
NA,NA,NA,NA,0,0,0,0,0,NA,NA,NA
NA,NA,NA,NA,0,0,0,0.272727272727273,0,NA,NA,NA
NA,NA,NA,NA,0,0,0.0206185567010309,0,0,NA,NA,NA
NA,NA,NA,NA,0,0,0.0103092783505155,0,0,NA,NA,NA
NA,NA,NA,NA,0,0,0,0,0,NA,NA,NA
NA,NA,NA,NA,0,0,0,0,0,NA,NA,NA
NA,NA,NA,NA,0,0,0,0.136363636363636,0,NA,NA,NA
NA,NA,NA,NA,0,0,0,0,0,NA,NA,NA
NA,NA,NA,NA,0,0,0,0,0,NA,NA,NA
NA,NA,NA,NA,0,0,0.0103092783505155,0,0,NA,NA,NA
NA,NA,NA,NA,0,0,0,0,0,NA,NA,NA
NA,NA,NA,NA,0,0.0408163265306122,0.0206185567010309,0.0909090909090909,0,NA,NA,NA
NA,NA,NA,NA,0,0,0,0,0,NA,NA,NA
NA,NA,NA,NA,0,0,0,0.181818181818182,0,NA,NA,NA
NA,NA,NA,NA,0,0,0,0.0909090909090909,0,NA,NA,NA
NA,NA,NA,NA,0,0,0,0,0,NA,NA,NA
NA,NA,NA,NA,0,0,0,0,0,NA,NA,NA
NA,NA,NA,NA,0,0,0,0,0,NA,NA,NA
NA,NA,NA,NA,0,0,0,0,0,NA,NA,NA
NA,NA,NA,NA,0,0.0204081632653061,0.0618556701030928,0.0454545454545455,0,NA,NA,NA
NA,NA,NA,NA,0,0,0,0,0,NA,NA,NA
NA,NA,NA,NA,0,0,0.0103092783505155,0.181818181818182,0,NA,NA,NA
NA,NA,NA,NA,0,0,0.0103092783505155,0,0,NA,NA,NA
NA,NA,NA,NA,0,0,0,0.136363636363636,0,NA,NA,NA
NA,NA,NA,NA,0,0,0,0,0,NA,NA,NA
NA,NA,NA,NA,0,0,0,0.0454545454545455,0,NA,NA,NA
NA,NA,NA,NA,0,0,0,0.0454545454545455,0,NA,NA,NA
NA,NA,NA,NA,0,0,0,0,0,NA,NA,NA
NA,NA,NA,NA,0,0,0.0103092783505155,0.0909090909090909,0,NA,NA,NA
NA,NA,NA,NA,0,0,0,0,0,NA,NA,NA
NA,NA,NA,NA,0,0,0.0309278350515464,0,0,NA,NA,NA
NA,NA,NA,NA,0,0,0,0,0,NA,NA,NA
NA,NA,NA,NA,0,0,0,0.0454545454545455,0,NA,NA,NA
NA,NA,NA,NA,0,0,0,0,0,NA,NA,NA
NA,NA,NA,NA,0,0,0,0,0,NA,NA,NA
NA,NA,NA,NA,0,0,0.0103092783505155,0.318181818181818,0,NA,NA,NA
NA,NA,NA,NA,0,0,0,0,0,NA,NA,NA
NA,NA,NA,NA,0,0,0.0103092783505155,0,0,NA,NA,NA
NA,NA,NA,NA,0,0,0.0103092783505155,0,0,NA,NA,NA
NA,NA,NA,NA,0,0,0.0103092783505155,0.727272727272727,0,NA,NA,NA
NA,NA,NA,NA,0,0,0,0,0,NA,NA,NA
NA,NA,NA,NA,0,0,0,0,0,NA,NA,NA
NA,NA,NA,NA,0,0,0,0,0,NA,NA,NA
NA,NA,NA,NA,0,0,0.0103092783505155,0.0454545454545455,0,NA,NA,NA
NA,NA,NA,NA,0,0,0.0206185567010309,0,0,NA,NA,NA
NA,NA,NA,NA,0,0,0,0.0454545454545455,0,NA,NA,NA
NA,NA,NA,NA,0,0,0,0,0,NA,NA,NA
NA,NA,NA,NA,0,0,0.0206185567010309,0.0454545454545455,0,NA,NA,NA
NA,NA,NA,NA,0,0,0,0,0,NA,NA,NA
NA,NA,NA,NA,0,0,0.0103092783505155,0,0,NA,NA,NA
NA,NA,NA,NA,0,0,0,0,0,NA,NA,NA
NA,NA,NA,NA,0,0,0,0,0,NA,NA,NA
NA,NA,NA,NA,0,0,0,0,0,NA,NA,NA
NA,NA,NA,NA,0,0,0,0,0,NA,NA,NA
NA,NA,NA,NA,0,0,0,0.181818181818182,0,NA,NA,NA
NA,NA,NA,NA,0,0,0,0,0,NA,NA,NA
NA,NA,NA,NA,0,0,0,0,0,NA,NA,NA
NA,NA,NA,NA,0,0.0204081632653061,0,0,0,NA,NA,NA
NA,NA,NA,NA,0,0,0.0103092783505155,0,0,NA,NA,NA
NA,NA,NA,NA,0,0,0,0.0909090909090909,0,NA,NA,NA
NA,NA,NA,NA,0,0,0.0103092783505155,0,0,NA,NA,NA
NA,NA,NA,NA,0,0,0,0,0,NA,NA,NA
NA,NA,NA,NA,0,0,0,0.454545454545455,0,NA,NA,NA
NA,NA,NA,NA,0,0,0,0,0,NA,NA,NA
NA,NA,NA,NA,0,0,0,0,0,NA,NA,NA
NA,NA,NA,NA,0,0,0,0,0,NA,NA,NA
NA,NA,NA,NA,0,0,0,0,0,NA,NA,NA
NA,NA,NA,NA,0,0,0.0309278350515464,0,0,NA,NA,NA
NA,NA,NA,NA,0,0,0.0103092783505155,0,0,NA,NA,NA
NA,NA,NA,NA,0,0,0,0,0,NA,NA,NA
NA,NA,NA,NA,0,0,0,0,0,NA,NA,NA
NA,NA,NA,NA,0,0,0.0103092783505155,0,0,NA,NA,NA
NA,NA,NA,NA,0,0,0.0618556701030928,0,0,NA,NA,NA
NA,NA,NA,NA,0,0,0,0.0454545454545455,0,NA,NA,NA
NA,NA,NA,NA,0,0,0,0,0,NA,NA,NA
NA,NA,NA,NA,0,0,0,0,0,NA,NA,NA
NA,NA,NA,NA,0,0,0,0.136363636363636,0,NA,NA,NA
NA,NA,NA,NA,0,0,0,0.136363636363636,0,NA,NA,NA
NA,NA,NA,NA,0,0,0,0,0,NA,NA,NA
NA,NA,NA,NA,0,0,0,0,0,NA,NA,NA
NA,NA,NA,NA,0,0,0,0.0454545454545455,0,NA,NA,NA
NA,NA,NA,NA,0,0,0,0,0,NA,NA,NA
NA,NA,NA,NA,0,0,0,0.0454545454545455,0,NA,NA,NA
NA,NA,NA,NA,0,0,0.0206185567010309,0,0,NA,NA,NA
NA,NA,NA,NA,0,0,0.0103092783505155,0.0454545454545455,0,NA,NA,NA
NA,NA,NA,NA,0,0,0,0.181818181818182,0,NA,NA,NA
NA,NA,NA,NA,0,0,0.0103092783505155,0,0,NA,NA,NA
NA,NA,NA,NA,0,0,0,0,0,NA,NA,NA
NA,NA,NA,NA,0,0,0,0,0,NA,NA,NA
NA,NA,NA,NA,0,0,0.0103092783505155,0,0,NA,NA,NA
NA,NA,NA,NA,0,0,0.0309278350515464,0.454545454545455,0,NA,NA,NA
NA,NA,NA,NA,0,0,0,0,0,NA,NA,NA
NA,NA,NA,NA,0,0,0,0.181818181818182,0,NA,NA,NA
NA,NA,NA,NA,0,0,0,0,0,NA,NA,NA
NA,NA,NA,NA,0,0.0408163265306122,0.0618556701030928,0,0,NA,NA,NA
NA,NA,NA,NA,0,0,0,0.0909090909090909,0,NA,NA,NA
NA,NA,NA,NA,0,0,0,0,0,NA,NA,NA
NA,NA,NA,NA,0,0,0.0206185567010309,0,0,NA,NA,NA
NA,NA,NA,NA,0,0,0,0,0,NA,NA,NA
NA,NA,NA,NA,0,0,0.144329896907216,0,0,NA,NA,NA
NA,NA,NA,NA,0,0,0,0,0,NA,NA,NA
NA,NA,NA,NA,0,0,0,0,0,NA,NA,NA
NA,NA,NA,NA,0,0,0,0,0,NA,NA,NA
NA,NA,NA,NA,0,0.0204081632653061,0,0,0,NA,NA,NA
NA,NA,NA,NA,0,0,0,0,0,NA,NA,NA
NA,NA,NA,NA,0,0.0204081632653061,0,0,0,NA,NA,NA
NA,NA,NA,NA,0,0,0.0103092783505155,0.227272727272727,0,NA,NA,NA
NA,NA,NA,NA,0,0,0.0103092783505155,0,0,NA,NA,NA
NA,NA,NA,NA,0,0,0.0206185567010309,0.545454545454545,0,NA,NA,NA
NA,NA,NA,NA,0,0,0.0103092783505155,0,0,NA,NA,NA
NA,NA,NA,NA,0,0,0,0,0,NA,NA,NA
NA,NA,NA,NA,0,0,0.0103092783505155,0,0,NA,NA,NA
NA,NA,NA,NA,0,0,0,0,0,NA,NA,NA
NA,NA,NA,NA,0,0.0408163265306122,0.0103092783505155,0,0,NA,NA,NA
NA,NA,NA,NA,0,0,0.0103092783505155,0,0,NA,NA,NA
NA,NA,NA,NA,0,0,0.0103092783505155,0,0,NA,NA,NA
NA,NA,NA,NA,0,0,0,0,0,NA,NA,NA
NA,NA,NA,NA,0,0,0,0,0,NA,NA,NA
NA,NA,NA,NA,0,0,0,0,0,NA,NA,NA
NA,NA,NA,NA,0,0,0.0103092783505155,0,0,NA,NA,NA
NA,NA,NA,NA,0,0.0204081632653061,0,0.545454545454545,0,NA,NA,NA
NA,NA,NA,NA,0,0,0,0,0,NA,NA,NA
NA,NA,NA,NA,0,0,0.0618556701030928,0,0,NA,NA,NA
NA,NA,NA,NA,0,0,0.0206185567010309,0,0,NA,NA,NA
NA,NA,NA,NA,0,0,0.0103092783505155,0,0,NA,NA,NA
NA,NA,NA,NA,0,0,0,0.227272727272727,0,NA,NA,NA
NA,NA,NA,NA,0,0,0.0103092783505155,0.0454545454545455,0,NA,NA,NA
NA,NA,NA,NA,0,0,0,0,0,NA,NA,NA
NA,NA,NA,NA,0,0,0.0103092783505155,0,0,NA,NA,NA
NA,NA,NA,NA,0,0,0,0.136363636363636,0,NA,NA,NA
NA,NA,NA,NA,0,0,0,0,0,NA,NA,NA
NA,NA,NA,NA,0,0.0408163265306122,0.0103092783505155,0,0,NA,NA,NA
NA,NA,NA,NA,0,0,0,0.363636363636364,0,NA,NA,NA
NA,NA,NA,NA,0,0,0,0,0,NA,NA,NA
NA,NA,NA,NA,0,0,0.0412371134020619,0,0,NA,NA,NA
NA,NA,NA,NA,0,0,0.0103092783505155,0,0,NA,NA,NA
NA,NA,NA,NA,0,0,0,0,0,NA,NA,NA
NA,NA,NA,NA,0,0,0.0103092783505155,0.318181818181818,0,NA,NA,NA
NA,NA,NA,NA,0,0,0.0309278350515464,0,0,NA,NA,NA
NA,NA,NA,NA,0,0,0,0.136363636363636,0,NA,NA,NA
NA,NA,NA,NA,0,0,0,0,0,NA,NA,NA
NA,NA,NA,NA,0,0,0.0103092783505155,0,0,NA,NA,NA
NA,NA,NA,NA,0,0,0,0.0909090909090909,0,NA,NA,NA
NA,NA,NA,NA,0,0,0,0,0,NA,NA,NA
NA,NA,NA,NA,0,0,0.0103092783505155,0,0,NA,NA,NA
NA,NA,NA,NA,0,0,0.0515463917525773,0,0,NA,NA,NA
NA,NA,NA,NA,0,0,0.0206185567010309,0,0,NA,NA,NA
NA,NA,NA,NA,0,0,0.0103092783505155,0,0,NA,NA,NA
NA,NA,NA,NA,0,0,0.0103092783505155,0,0,NA,NA,NA
NA,NA,NA,NA,0,0,0,0.318181818181818,0,NA,NA,NA
NA,NA,NA,NA,0,0,0,0,0,NA,NA,NA
NA,NA,NA,NA,0,0,0,0,0,NA,NA,NA
NA,NA,NA,NA,0,0.0612244897959184,0,0.0454545454545455,0,NA,NA,NA
NA,NA,NA,NA,0,0,0,0,0,NA,NA,NA
NA,NA,NA,NA,0,0,0,0,0,NA,NA,NA
NA,NA,NA,NA,0,0,0,0,0,NA,NA,NA
NA,NA,NA,NA,0,0,0.0103092783505155,0,0,NA,NA,NA
NA,NA,NA,NA,0,0,0,0,0,NA,NA,NA
NA,NA,NA,NA,0,0,0,0,0,NA,NA,NA
NA,NA,NA,NA,0,0,0,0.0909090909090909,0,NA,NA,NA
NA,NA,NA,NA,0,0,0,0,0,NA,NA,NA
NA,NA,NA,NA,0,0,0.0515463917525773,0,0,NA,NA,NA
NA,NA,NA,NA,0,0,0,0.0454545454545455,0,NA,NA,NA
NA,NA,NA,NA,0,0,0,0,0,NA,NA,NA
NA,NA,NA,NA,0,0,0,0,0,NA,NA,NA
NA,NA,NA,NA,0,0,0.0206185567010309,0.136363636363636,0,NA,NA,NA
NA,NA,NA,NA,0,0,0,0.227272727272727,0,NA,NA,NA
NA,NA,NA,NA,0,0,0.0103092783505155,0.409090909090909,0,NA,NA,NA
NA,NA,NA,NA,0,0,0,0,0,NA,NA,NA
NA,NA,NA,NA,0,0,0,0,0,NA,NA,NA
NA,NA,NA,NA,0,0,0,0,0,NA,NA,NA
NA,NA,NA,NA,0,0,0.0412371134020619,0.227272727272727,0,NA,NA,NA
NA,NA,NA,NA,0,0,0,0,0,NA,NA,NA
NA,NA,NA,NA,0,0,0,0,0,NA,NA,NA
NA,NA,NA,NA,0,0.0408163265306122,0.0103092783505155,0,0,NA,NA,NA
NA,NA,NA,NA,0,0,0.0103092783505155,0,0,NA,NA,NA
NA,NA,NA,NA,0,0,0.0103092783505155,0,0,NA,NA,NA
NA,NA,NA,NA,0,0,0,0,0,NA,NA,NA
NA,NA,NA,NA,0,0,0,0,0,NA,NA,NA
NA,NA,NA,NA,0,0,0.0309278350515464,0,0,NA,NA,NA
NA,NA,NA,NA,0,0,0,0,0,NA,NA,NA
NA,NA,NA,NA,0,0,0,0,0,NA,NA,NA
NA,NA,NA,NA,0,0,0,0,0,NA,NA,NA
NA,NA,NA,NA,0,0,0,0,0,NA,NA,NA
NA,NA,NA,NA,0,0,0,0,0,NA,NA,NA
NA,NA,NA,NA,0,0,0.0309278350515464,0.0909090909090909,0,NA,NA,NA
NA,NA,NA,NA,0,0,0,0,0,NA,NA,NA
NA,NA,NA,NA,0,0,0.0103092783505155,0.181818181818182,0,NA,NA,NA
NA,NA,NA,NA,0,0,0,0,0,NA,NA,NA
NA,NA,NA,NA,0,0,0.0103092783505155,0,0,NA,NA,NA
NA,NA,NA,NA,0,0,0.0103092783505155,0.0454545454545455,0,NA,NA,NA
NA,NA,NA,NA,0,0,0,0,0,NA,NA,NA
NA,NA,NA,NA,0,0,0,0,0,NA,NA,NA
NA,NA,NA,NA,0,0,0,0,0,NA,NA,NA
NA,NA,NA,NA,0,0,0,0,0,NA,NA,NA
NA,NA,NA,NA,0,0,0,0,0,NA,NA,NA
NA,NA,NA,NA,0,0,0,0.227272727272727,0,NA,NA,NA
NA,NA,NA,NA,0,0,0.0103092783505155,0,0,NA,NA,NA
NA,NA,NA,NA,0,0,0.0309278350515464,0,0,NA,NA,NA
NA,NA,NA,NA,0,0,0,0,0,NA,NA,NA
NA,NA,NA,NA,0,0,0,0.181818181818182,0,NA,NA,NA
NA,NA,NA,NA,0,0,0,0,0,NA,NA,NA
NA,NA,NA,NA,0,0,0,0.181818181818182,0,NA,NA,NA
NA,NA,NA,NA,0,0,0,0.181818181818182,0,NA,NA,NA
NA,NA,NA,NA,0,0,0,0,0,NA,NA,NA
NA,NA,NA,NA,0,0,0.0206185567010309,0.636363636363636,0,NA,NA,NA
NA,NA,NA,NA,0,0,0,0,0,NA,NA,NA
NA,NA,NA,NA,0,0,0.0103092783505155,0,0,NA,NA,NA
NA,NA,NA,NA,0,0,0,0,0,NA,NA,NA
NA,NA,NA,NA,0,0,0,0.0909090909090909,0,NA,NA,NA
NA,NA,NA,NA,0,0,0,0,0,NA,NA,NA
NA,NA,NA,NA,0,0,0,0,0,NA,NA,NA
NA,NA,NA,NA,0,0,0,0,0,NA,NA,NA
NA,NA,NA,NA,0,0,0.0206185567010309,0,0,NA,NA,NA
NA,NA,NA,NA,0,0,0,0,0,NA,NA,NA
NA,NA,NA,NA,0,0,0,0,0,NA,NA,NA
NA,NA,NA,NA,0,0,0,0,0,NA,NA,NA
NA,NA,NA,NA,0,0,0,0.227272727272727,0,NA,NA,NA
NA,NA,NA,NA,0,0,0,0,0,NA,NA,NA
NA,NA,NA,NA,0,0,0,0.0909090909090909,0,NA,NA,NA
NA,NA,NA,NA,0,0,0.0103092783505155,0.409090909090909,0,NA,NA,NA
NA,NA,NA,NA,0,0,0.0206185567010309,0.0454545454545455,0,NA,NA,NA
NA,NA,NA,NA,0,0.0204081632653061,0.0309278350515464,0,0,NA,NA,NA
NA,NA,NA,NA,0,0,0.0206185567010309,0,0,NA,NA,NA
NA,NA,NA,NA,0,0,0,0,0,NA,NA,NA
NA,NA,NA,NA,0,0,0,0,0,NA,NA,NA
NA,NA,NA,NA,0,0,0,0,0,NA,NA,NA
NA,NA,NA,NA,0,0,0,0,0,NA,NA,NA
NA,NA,NA,NA,0,0,0.123711340206186,0,0,NA,NA,NA
NA,NA,NA,NA,0,0,0,0,0,NA,NA,NA
NA,NA,NA,NA,0,0,0,0,0,NA,NA,NA
NA,NA,NA,NA,0,0,0,0,0,NA,NA,NA
NA,NA,NA,NA,0,0,0,0,0,NA,NA,NA
NA,NA,NA,NA,0,0.0204081632653061,0,0,0,NA,NA,NA
NA,NA,NA,NA,0,0,0,0,0,NA,NA,NA
NA,NA,NA,NA,0,0,0,0,0,NA,NA,NA
NA,NA,NA,NA,0,0,0.0412371134020619,0.0454545454545455,0,NA,NA,NA
NA,NA,NA,NA,0,0,0,0.227272727272727,0,NA,NA,NA
NA,NA,NA,NA,0,0,0,0.409090909090909,0,NA,NA,NA
NA,NA,NA,NA,0,0,0,0,0,NA,NA,NA
NA,NA,NA,NA,0,0,0.0103092783505155,0,0,NA,NA,NA
NA,NA,NA,NA,0,0,0,0,0,NA,NA,NA
NA,NA,NA,NA,0,0,0.0103092783505155,0,0,NA,NA,NA
NA,NA,NA,NA,0,0,0,0.318181818181818,0,NA,NA,NA
NA,NA,NA,NA,0,0,0,0,0,NA,NA,NA
NA,NA,NA,NA,0,0,0.0412371134020619,0.0454545454545455,0,NA,NA,NA
NA,NA,NA,NA,0,0,0,0.136363636363636,0,NA,NA,NA
NA,NA,NA,NA,0,0,0.0103092783505155,0,0,NA,NA,NA
NA,NA,NA,NA,0,0,0,0,0,NA,NA,NA
NA,NA,NA,NA,0,0.0612244897959184,0,0,0,NA,NA,NA
NA,NA,NA,NA,0,0,0.0103092783505155,0,0,NA,NA,NA
NA,NA,NA,NA,0,0,0,0,0,NA,NA,NA
NA,NA,NA,NA,0,0,0,0,0,NA,NA,NA
NA,NA,NA,NA,0,0,0,0,0,NA,NA,NA
NA,NA,NA,NA,0,0,0.0103092783505155,0,0,NA,NA,NA
NA,NA,NA,NA,0,0,0,0,0,NA,NA,NA
NA,NA,NA,NA,0,0,0,0.363636363636364,0,NA,NA,NA
NA,NA,NA,NA,0,0,0.0103092783505155,0,0,NA,NA,NA
NA,NA,NA,NA,0,0,0,0.0454545454545455,0,NA,NA,NA
NA,NA,NA,NA,0,0,0.0103092783505155,0,0,NA,NA,NA
NA,NA,NA,NA,0,0,0.0103092783505155,0,0,NA,NA,NA
NA,NA,NA,NA,0,0,0,0.0909090909090909,0,NA,NA,NA
NA,NA,NA,NA,0,0,0,0,0,NA,NA,NA
NA,NA,NA,NA,0,0,0.0412371134020619,0,0,NA,NA,NA
NA,NA,NA,NA,0,0,0,0.0909090909090909,0,NA,NA,NA
NA,NA,NA,NA,0,0,0.0103092783505155,0,0,NA,NA,NA
NA,NA,NA,NA,0,0,0,0,0,NA,NA,NA
NA,NA,NA,NA,0,0,0,0,0,NA,NA,NA
NA,NA,NA,NA,0,0,0.0103092783505155,0,0,NA,NA,NA
NA,NA,NA,NA,0,0,0,0.136363636363636,0,NA,NA,NA
NA,NA,NA,NA,0,0,0,0.363636363636364,0,NA,NA,NA
NA,NA,NA,NA,0,0,0,0.0454545454545455,0,NA,NA,NA
NA,NA,NA,NA,0,0,0,0.0454545454545455,0,NA,NA,NA
NA,NA,NA,NA,0,0,0,0.136363636363636,0,NA,NA,NA
NA,NA,NA,NA,0,0,0.0206185567010309,0,0,NA,NA,NA
NA,NA,NA,NA,0,0,0,0.227272727272727,0,NA,NA,NA
NA,NA,NA,NA,0,0,0,0.0909090909090909,0,NA,NA,NA
NA,NA,NA,NA,0,0,0.0103092783505155,0.227272727272727,0,NA,NA,NA
NA,NA,NA,NA,0,0,0,0,0,NA,NA,NA
NA,NA,NA,NA,0,0,0,0,0,NA,NA,NA
NA,NA,NA,NA,0,0,0.0103092783505155,0,0,NA,NA,NA
NA,NA,NA,NA,0,0,0,0.0454545454545455,0,NA,NA,NA
NA,NA,NA,NA,0,0.0204081632653061,0,0,0,NA,NA,NA
NA,NA,NA,NA,0,0,0.0103092783505155,0.136363636363636,0,NA,NA,NA
NA,NA,NA,NA,0,0,0,0,0,NA,NA,NA
NA,NA,NA,NA,0,0,0.0515463917525773,0,0,NA,NA,NA
NA,NA,NA,NA,0,0,0,0,0,NA,NA,NA
NA,NA,NA,NA,0,0,0,0,0,NA,NA,NA
NA,NA,NA,NA,0,0,0,0,0,NA,NA,NA
NA,NA,NA,NA,0,0,0.0103092783505155,0,0,NA,NA,NA
NA,NA,NA,NA,0,0,0,0,0,NA,NA,NA
NA,NA,NA,NA,0,0,0,0,0,NA,NA,NA
NA,NA,NA,NA,0,0,0.0103092783505155,0.136363636363636,0,NA,NA,NA
NA,NA,NA,NA,0,0,0,0.0909090909090909,0,NA,NA,NA
NA,NA,NA,NA,0,0,0,0,0,NA,NA,NA
NA,NA,NA,NA,0,0,0,0,0,NA,NA,NA
NA,NA,NA,NA,0,0,0,0.0454545454545455,0,NA,NA,NA
NA,NA,NA,NA,0,0,0,0,0,NA,NA,NA
NA,NA,NA,NA,0,0,0,0,0,NA,NA,NA
NA,NA,NA,NA,0,0,0.0103092783505155,0,0,NA,NA,NA
NA,NA,NA,NA,0,0,0,0.227272727272727,0,NA,NA,NA
NA,NA,NA,NA,0,0.0204081632653061,0,0,0,NA,NA,NA
NA,NA,NA,NA,0,0,0.0206185567010309,0.0454545454545455,0,NA,NA,NA
NA,NA,NA,NA,0,0.0204081632653061,0,0.0454545454545455,0,NA,NA,NA
NA,NA,NA,NA,0,0,0.0103092783505155,0,0,NA,NA,NA
NA,NA,NA,NA,0,0,0.0103092783505155,0,0,NA,NA,NA
NA,NA,NA,NA,0,0,0,0,0,NA,NA,NA
NA,NA,NA,NA,0,0,0.0206185567010309,0,0,NA,NA,NA
NA,NA,NA,NA,0,0,0.0206185567010309,0,0,NA,NA,NA
NA,NA,NA,NA,0,0,0,0,0,NA,NA,NA
NA,NA,NA,NA,0,0,0.0309278350515464,0,0,NA,NA,NA
NA,NA,NA,NA,0,0,0,0,0,NA,NA,NA
NA,NA,NA,NA,0,0,0,0,0,NA,NA,NA
NA,NA,NA,NA,0,0,0.0103092783505155,0.181818181818182,0,NA,NA,NA
NA,NA,NA,NA,0,0,0,0.0454545454545455,0,NA,NA,NA
NA,NA,NA,NA,0,0,0,0,0,NA,NA,NA
NA,NA,NA,NA,0,0,0,0,0,NA,NA,NA
NA,NA,NA,NA,0,0,0.0103092783505155,0,0,NA,NA,NA
NA,NA,NA,NA,0,0,0,0.136363636363636,0,NA,NA,NA
NA,NA,NA,NA,0,0,0,0.0909090909090909,0,NA,NA,NA
NA,NA,NA,NA,0,0,0,0,0,NA,NA,NA
NA,NA,NA,NA,0,0,0,0.363636363636364,0,NA,NA,NA
NA,NA,NA,NA,0,0,0.0721649484536082,0,0,NA,NA,NA
NA,NA,NA,NA,0,0,0,0.363636363636364,0,NA,NA,NA
NA,NA,NA,NA,0,0,0,0.272727272727273,0,NA,NA,NA
NA,NA,NA,NA,0,0,0.0103092783505155,0.181818181818182,0,NA,NA,NA
NA,NA,NA,NA,0,0,0,0,0,NA,NA,NA
NA,NA,NA,NA,0,0,0.0103092783505155,0,0,NA,NA,NA
NA,NA,NA,NA,0,0,0,0,0,NA,NA,NA
NA,NA,NA,NA,0,0,0.0103092783505155,0,0,NA,NA,NA
NA,NA,NA,NA,0,0,0,0,0,NA,NA,NA
NA,NA,NA,NA,0,0,0,0,0,NA,NA,NA
NA,NA,NA,NA,0,0,0,0,0,NA,NA,NA
NA,NA,NA,NA,0,0,0,0,0,NA,NA,NA
NA,NA,NA,NA,0,0,0.0412371134020619,0.545454545454545,0,NA,NA,NA
NA,NA,NA,NA,0,0,0,0,0,NA,NA,NA
NA,NA,NA,NA,0,0,0,0,0,NA,NA,NA
NA,NA,NA,NA,0,0,0,0,0,NA,NA,NA
NA,NA,NA,NA,0,0,0,0,0,NA,NA,NA
NA,NA,NA,NA,0,0,0,0,0,NA,NA,NA
NA,NA,NA,NA,0,0,0.0103092783505155,0,0,NA,NA,NA
NA,NA,NA,NA,0,0,0,0,0,NA,NA,NA
NA,NA,NA,NA,0,0,0.0309278350515464,0,0,NA,NA,NA
NA,NA,NA,NA,0,0,0,0,0,NA,NA,NA
NA,NA,NA,NA,0,0,0.0103092783505155,0,0,NA,NA,NA
NA,NA,NA,NA,0,0,0,0,0,NA,NA,NA
NA,NA,NA,NA,0,0,0,0,0,NA,NA,NA
NA,NA,NA,NA,0,0,0,0.0909090909090909,0,NA,NA,NA
NA,NA,NA,NA,0,0,0,0,0,NA,NA,NA
NA,NA,NA,NA,0,0,0.0515463917525773,0.0454545454545455,0,NA,NA,NA
NA,NA,NA,NA,0,0,0.0309278350515464,0,0,NA,NA,NA
NA,NA,NA,NA,0,0,0,0,0,NA,NA,NA
NA,NA,NA,NA,0,0,0,0,0,NA,NA,NA
NA,NA,NA,NA,0,0,0.0309278350515464,0,0,NA,NA,NA
NA,NA,NA,NA,0,0,0,0,0,NA,NA,NA
NA,NA,NA,NA,0,0,0,0,0,NA,NA,NA
NA,NA,NA,NA,0,0,0,0,0,NA,NA,NA
NA,NA,NA,NA,0,0,0,0,0,NA,NA,NA
NA,NA,NA,NA,0,0,0,0,0,NA,NA,NA
NA,NA,NA,NA,0,0,0.0103092783505155,0,0,NA,NA,NA
NA,NA,NA,NA,0,0,0,0,0,NA,NA,NA
NA,NA,NA,NA,0,0,0,0,0,NA,NA,NA
NA,NA,NA,NA,0,0,0.0206185567010309,0,0,NA,NA,NA
NA,NA,NA,NA,0,0,0,0.0454545454545455,0,NA,NA,NA
NA,NA,NA,NA,0,0,0.0721649484536082,0,0,NA,NA,NA
NA,NA,NA,NA,0,0,0.0103092783505155,0,0,NA,NA,NA
NA,NA,NA,NA,0,0,0,0,0,NA,NA,NA
NA,NA,NA,NA,0,0,0,0,0,NA,NA,NA
NA,NA,NA,NA,0,0,0,0,0,NA,NA,NA
NA,NA,NA,NA,0,0,0.0309278350515464,0,0,NA,NA,NA
NA,NA,NA,NA,0,0,0.0824742268041237,0.772727272727273,0,NA,NA,NA
NA,NA,NA,NA,0,0,0,0,0,NA,NA,NA
NA,NA,NA,NA,0,0,0,0,0,NA,NA,NA
NA,NA,NA,NA,0,0,0,0,0,NA,NA,NA
NA,NA,NA,NA,0,0.0204081632653061,0.0103092783505155,0.0909090909090909,0,NA,NA,NA
NA,NA,NA,NA,0,0.0204081632653061,0.0103092783505155,0,0,NA,NA,NA
NA,NA,NA,NA,0,0,0,0.0454545454545455,0,NA,NA,NA
NA,NA,NA,NA,0,0,0,0,0,NA,NA,NA
NA,NA,NA,NA,0,0,0.0515463917525773,0,0,NA,NA,NA
NA,NA,NA,NA,0,0,0,0.181818181818182,0,NA,NA,NA
NA,NA,NA,NA,0,0,0,0,0,NA,NA,NA
NA,NA,NA,NA,0,0,0.0103092783505155,0,0,NA,NA,NA
NA,NA,NA,NA,0,0,0,0,0,NA,NA,NA
NA,NA,NA,NA,0,0,0,0,0,NA,NA,NA
NA,NA,NA,NA,0,0,0,0,0,NA,NA,NA
NA,NA,NA,NA,0,0,0,0,0,NA,NA,NA
NA,NA,NA,NA,0,0,0,0,0,NA,NA,NA
NA,NA,NA,NA,0,0,0.0103092783505155,0,0,NA,NA,NA
NA,NA,NA,NA,0,0,0,0,0,NA,NA,NA
NA,NA,NA,NA,0,0,0,0,0,NA,NA,NA
NA,NA,NA,NA,0,0,0.0103092783505155,0,0,NA,NA,NA
NA,NA,NA,NA,0,0.0204081632653061,0,0.0909090909090909,0,NA,NA,NA
NA,NA,NA,NA,0,0,0,0.409090909090909,0,NA,NA,NA
NA,NA,NA,NA,0,0.0408163265306122,0.0103092783505155,0,0,NA,NA,NA
NA,NA,NA,NA,0,0,0,0.0909090909090909,0,NA,NA,NA
NA,NA,NA,NA,0,0,0,0.318181818181818,0,NA,NA,NA
NA,NA,NA,NA,0,0,0,0.0909090909090909,0,NA,NA,NA
NA,NA,NA,NA,0,0,0,0.136363636363636,0,NA,NA,NA
NA,NA,NA,NA,0,0,0,0,0,NA,NA,NA
NA,NA,NA,NA,0,0,0.0412371134020619,0,0,NA,NA,NA
NA,NA,NA,NA,0,0,0.0103092783505155,0,0,NA,NA,NA
NA,NA,NA,NA,0,0,0,0,0,NA,NA,NA
NA,NA,NA,NA,0,0,0,0,0,NA,NA,NA
NA,NA,NA,NA,0,0,0,0,0,NA,NA,NA
NA,NA,NA,NA,0,0,0.0412371134020619,0.181818181818182,0,NA,NA,NA
NA,NA,NA,NA,0,0,0,0.136363636363636,0,NA,NA,NA
NA,NA,NA,NA,0,0,0.0103092783505155,0.0454545454545455,0,NA,NA,NA
NA,NA,NA,NA,0,0.0204081632653061,0,0,0,NA,NA,NA
NA,NA,NA,NA,0,0,0.0412371134020619,0.636363636363636,0,NA,NA,NA
NA,NA,NA,NA,0,0,0,0,0,NA,NA,NA
NA,NA,NA,NA,0,0,0,0,0,NA,NA,NA
NA,NA,NA,NA,0,0,0,0,0,NA,NA,NA
NA,NA,NA,NA,0,0,0,0,0,NA,NA,NA
NA,NA,NA,NA,0,0,0,0,0,NA,NA,NA
NA,NA,NA,NA,0,0,0,0,0,NA,NA,NA
NA,NA,NA,NA,0,0,0,0,0,NA,NA,NA
NA,NA,NA,NA,0,0,0,0,0,NA,NA,NA
NA,NA,NA,NA,0,0,0,0,0,NA,NA,NA
NA,NA,NA,NA,0,0,0.0206185567010309,0,0,NA,NA,NA
NA,NA,NA,NA,0,0,0,0,0,NA,NA,NA
NA,NA,NA,NA,0,0,0.0206185567010309,0,0,NA,NA,NA
NA,NA,NA,NA,0,0,0,0,0,NA,NA,NA
NA,NA,NA,NA,0,0,0,0.0454545454545455,0,NA,NA,NA
NA,NA,NA,NA,0,0,0,0,0,NA,NA,NA
NA,NA,NA,NA,0,0,0,0,0,NA,NA,NA
NA,NA,NA,NA,0,0,0.0103092783505155,0,0,NA,NA,NA
NA,NA,NA,NA,0,0,0,0,0,NA,NA,NA
NA,NA,NA,NA,0,0,0.0206185567010309,0.0909090909090909,0.25,NA,NA,NA
NA,NA,NA,NA,0,0,0.0103092783505155,0,0,NA,NA,NA
NA,NA,NA,NA,0,0,0,0,0,NA,NA,NA
NA,NA,NA,NA,0,0,0,0,0,NA,NA,NA
NA,NA,NA,NA,0,0,0.0103092783505155,0,0,NA,NA,NA
NA,NA,NA,NA,0,0,0,0,0,NA,NA,NA
NA,NA,NA,NA,0,0,0,0,0,NA,NA,NA
NA,NA,NA,NA,0,0,0,0,0,NA,NA,NA
NA,NA,NA,NA,0,0,0.0103092783505155,0,0,NA,NA,NA
NA,NA,NA,NA,0,0,0,0,0,NA,NA,NA
NA,NA,NA,NA,0,0,0,0.181818181818182,0,NA,NA,NA
NA,NA,NA,NA,0,0,0,0,0,NA,NA,NA
NA,NA,NA,NA,0,0,0,0,0,NA,NA,NA
NA,NA,NA,NA,0,0,0,0,0,NA,NA,NA
NA,NA,NA,NA,0,0,0.0103092783505155,0,0,NA,NA,NA
NA,NA,NA,NA,0,0,0,0,0,NA,NA,NA
